Destination,Number of Travelers,Number of Days,Package Type,Season,Estimated Cost
Varkala,7,13,Luxury,Autumn,164443.87
Rann of Kutch,8,11,Budget,Spring,236592.78
Khajuraho,6,3,Budget,Winter,30380.98
Gulmarg,5,12,Budget,Spring,189446.02
Shillong,5,6,Budget,Summer,50338.45
Kaziranga,6,14,Luxury,Monsoon,326452.92
Kalimpong,8,4,Budget,Monsoon,21780.15
Port Blair,2,7,Budget,Spring,29889.49
Jaipur,2,2,Budget,Winter,9269.64
Kaziranga,4,7,Budget,Monsoon,50381.35
Mysore,8,2,Standard,Winter,28534.2
Pushkar,4,10,Standard,Winter,48664.79
Tawang,6,4,Luxury,Spring,76622.36
Kumarakom,2,8,Budget,Spring,47710.94
Kaziranga,5,12,Budget,Autumn,143400.32
Coorg,1,3,Luxury,Autumn,13678.63
Chennai,7,12,Budget,Spring,96268.49
Lucknow,8,14,Budget,Monsoon,104610.12
Rameswaram,6,8,Luxury,Monsoon,60164.71
Pahalgam,5,1,Standard,Monsoon,8387.26
Mussoorie,2,10,Budget,Monsoon,28850.14
Varkala,8,13,Standard,Autumn,116300.32
Lucknow,5,7,Luxury,Monsoon,80944.74
Mumbai,2,2,Budget,Summer,14637.24
Shimla,4,12,Standard,Monsoon,76556.21
Tawang,1,1,Budget,Monsoon,1787.05
Tawang,4,9,Budget,Summer,64467.99
Gwalior,6,9,Budget,Summer,70557.73
Kochi,4,10,Luxury,Monsoon,90242.27
Varkala,6,1,Budget,Winter,6217.91
Varkala,6,12,Luxury,Winter,163372.05
Gangtok,3,1,Budget,Winter,6393.96
Gulmarg,6,12,Luxury,Autumn,472200.34
Gulmarg,4,5,Standard,Spring,78689.1
Kalimpong,8,11,Luxury,Summer,187031.77
Araku Valley,3,6,Luxury,Summer,46881.95
Port Blair,3,12,Standard,Autumn,91630.39
Mysore,2,3,Luxury,Monsoon,14998.49
Mount Abu,4,7,Budget,Summer,44604.59
Srinagar,4,11,Budget,Summer,88933.95
Thekkady,7,7,Standard,Winter,115245.06
Kaziranga,2,1,Budget,Spring,5267.07
Tirupati,8,5,Luxury,Summer,146778.65
Pahalgam,8,4,Standard,Summer,70466.64
Khajuraho,3,4,Budget,Spring,18563.64
Pachmarhi,2,13,Standard,Winter,50766.05
Bhubaneswar,3,6,Budget,Summer,23127.95
Dalhousie,3,7,Budget,Summer,34632.48
Wayanad,3,12,Luxury,Autumn,107523.0
Gwalior,5,2,Standard,Summer,18469.01
Mumbai,5,1,Budget,Monsoon,10810.77
Jaisalmer,4,12,Standard,Autumn,97971.33
Munnar,6,5,Luxury,Spring,96908.62
Kaziranga,4,1,Luxury,Autumn,19411.68
North Goa,1,7,Luxury,Winter,47708.07
Shillong,8,3,Standard,Winter,50493.22
North Goa,7,6,Standard,Monsoon,74049.44
South Goa,3,9,Standard,Autumn,86991.82
Mahabalipuram,2,7,Luxury,Winter,47796.13
Kanyakumari,1,4,Standard,Spring,7754.79
Udaipur,2,12,Standard,Monsoon,77141.1
Varanasi,2,10,Standard,Summer,29572.75
Varkala,6,10,Luxury,Monsoon,92278.48
Kumarakom,4,12,Budget,Spring,118881.08
Shimla,8,13,Standard,Monsoon,160253.92
Auli,4,2,Standard,Monsoon,21958.03
Jaisalmer,7,8,Luxury,Spring,169836.31
Tawang,7,7,Budget,Spring,72065.71
Srinagar,2,10,Budget,Winter,50078.09
Srinagar,7,13,Luxury,Autumn,326259.35
Varanasi,7,13,Luxury,Spring,146214.96
Pelling,6,13,Budget,Summer,117535.79
Tawang,5,4,Standard,Winter,47132.8
South Goa,6,14,Budget,Winter,222153.38
Nainital,5,6,Standard,Spring,62655.47
Shillong,8,1,Budget,Autumn,10198.47
Leh,8,8,Luxury,Winter,422989.69
Khajuraho,2,12,Luxury,Spring,85353.14
South Goa,5,1,Luxury,Monsoon,20098.8
South Goa,2,8,Luxury,Spring,93244.39
Pune,4,13,Luxury,Winter,162097.6
Dalhousie,2,13,Standard,Winter,61863.33
Hampi,1,3,Luxury,Spring,8459.78
Rann of Kutch,8,13,Budget,Autumn,275238.2
Mysore,5,10,Budget,Monsoon,50378.93
Khajuraho,6,7,Budget,Spring,58937.98
Kalimpong,7,13,Budget,Monsoon,64829.6
Auli,3,11,Budget,Spring,90788.12
Haridwar,1,13,Luxury,Spring,25155.71
Varkala,2,3,Luxury,Autumn,13789.57
Tirupati,4,3,Budget,Spring,18647.13
Lucknow,7,9,Budget,Autumn,77139.84
Mahabalipuram,7,10,Standard,Winter,121116.88
Rann of Kutch,7,2,Budget,Winter,44418.97
Shillong,1,12,Budget,Autumn,24945.26
Gwalior,2,10,Budget,Autumn,25683.62
Bengaluru,3,6,Budget,Summer,47218.37
Pondicherry,5,9,Standard,Spring,89008.69
Lonavala,5,3,Standard,Monsoon,21494.18
Kolkata,5,13,Standard,Spring,115527.1
Shillong,4,4,Budget,Summer,27673.32
Tawang,7,9,Budget,Summer,111828.62
Gangtok,6,1,Budget,Winter,11571.63
Mysore,3,3,Budget,Winter,14259.59
Alleppey,1,9,Standard,Summer,35389.72
Jodhpur,1,7,Luxury,Spring,32499.05
Gir National Park,6,8,Budget,Winter,137803.92
Shillong,2,12,Budget,Summer,47072.74
Puri,6,11,Luxury,Summer,150101.39
Pune,6,13,Luxury,Autumn,193287.8
Shimla,3,2,Budget,Summer,12046.38
Manali,8,7,Budget,Summer,87966.62
Pushkar,3,1,Budget,Winter,2990.25
Gwalior,5,1,Budget,Winter,6918.02
Srinagar,8,5,Luxury,Spring,140014.68
Kumarakom,2,5,Standard,Monsoon,32030.07
Jaisalmer,6,5,Budget,Summer,54129.92
Tawang,1,1,Standard,Spring,3030.87
Havelock Island,2,7,Standard,Winter,89588.49
Thekkady,1,12,Standard,Spring,35934.07
Manali,6,14,Luxury,Summer,297664.55
Lucknow,5,5,Standard,Winter,55166.22
Rann of Kutch,7,3,Standard,Spring,74330.3
Mahabaleshwar,3,11,Luxury,Winter,130724.59
Varkala,6,9,Budget,Spring,48813.91
Manali,4,13,Standard,Summer,113492.45
Gir National Park,4,1,Budget,Winter,11308.68
Madurai,3,11,Luxury,Summer,76135.41
Lucknow,8,7,Luxury,Monsoon,112821.18
Leh,1,8,Luxury,Monsoon,55261.32
Gwalior,8,13,Standard,Autumn,141483.46
Majuli,5,6,Standard,Summer,37200.59
Manali,4,9,Standard,Winter,81036.19
Gwalior,2,9,Budget,Summer,28045.16
Gangtok,3,14,Luxury,Autumn,158268.46
Varkala,6,8,Standard,Winter,68048.32
Mumbai,6,7,Standard,Autumn,141120.61
Lucknow,3,14,Luxury,Spring,121266.96
Pushkar,6,10,Luxury,Monsoon,75555.06
Mumbai,7,10,Budget,Summer,198836.61
Rameswaram,1,9,Budget,Spring,9684.22
Pushkar,7,4,Standard,Winter,32146.61
Dalhousie,1,8,Luxury,Winter,37727.53
Orchha,3,2,Luxury,Autumn,12321.54
Araku Valley,1,5,Budget,Autumn,6662.16
Rann of Kutch,6,14,Standard,Summer,365999.17
Pahalgam,7,3,Budget,Spring,30859.47
Shimla,1,6,Standard,Monsoon,14441.82
Tawang,2,9,Luxury,Monsoon,53449.77
Rameswaram,6,5,Standard,Spring,30326.02
Ranthambore,1,4,Budget,Spring,15077.92
Puri,5,6,Standard,Monsoon,29693.07
Pahalgam,6,1,Standard,Winter,14975.14
Gulmarg,8,13,Standard,Spring,405475.14
Konark,1,5,Budget,Summer,9756.78
Coorg,7,14,Budget,Autumn,138739.96
Tawang,4,12,Standard,Autumn,97529.95
Coorg,8,1,Standard,Spring,14025.03
Puri,8,13,Luxury,Summer,228067.32
Coorg,5,5,Budget,Monsoon,29775.12
Orchha,4,14,Budget,Autumn,52774.5
Havelock Island,8,7,Standard,Monsoon,185002.64
Gokarna,7,1,Luxury,Summer,13914.39
Bhubaneswar,5,14,Luxury,Monsoon,124890.32
Araku Valley,3,6,Luxury,Monsoon,29880.69
Udaipur,1,13,Standard,Monsoon,49520.27
Mysore,6,13,Budget,Summer,114499.18
South Goa,4,14,Standard,Winter,207062.48
Nainital,3,5,Standard,Summer,38346.63
Alleppey,5,4,Luxury,Autumn,70321.89
Dalhousie,5,5,Luxury,Spring,71349.39
Mysore,2,4,Luxury,Monsoon,20043.62
Tirupati,3,4,Standard,Winter,30933.76
Lucknow,6,10,Luxury,Spring,157823.16
Auli,6,8,Standard,Summer,195332.54
Madurai,4,12,Budget,Autumn,38151.77
Havelock Island,1,10,Luxury,Winter,123233.96
Mysore,7,6,Budget,Summer,57742.18
Ziro,7,6,Luxury,Autumn,71051.44
Gir National Park,1,4,Budget,Winter,17041.4
Chennai,7,3,Budget,Winter,29025.93
Hampi,1,11,Luxury,Monsoon,25662.39
Kochi,8,6,Budget,Spring,59441.19
Kovalam,7,13,Luxury,Winter,447867.34
Mumbai,5,2,Budget,Summer,30996.56
Majuli,1,8,Luxury,Summer,22964.18
Auli,7,14,Luxury,Monsoon,398626.4
Mahabaleshwar,1,13,Budget,Autumn,27916.37
Mahabaleshwar,3,8,Standard,Summer,58834.43
Bhubaneswar,4,6,Budget,Winter,30037.13
Gokarna,7,3,Budget,Autumn,16235.55
Nainital,3,10,Standard,Winter,76278.36
Kalimpong,8,12,Standard,Autumn,110639.96
Kolkata,7,8,Luxury,Autumn,143247.47
Havelock Island,1,6,Luxury,Autumn,63024.6
Dalhousie,3,2,Standard,Monsoon,8614.63
Jodhpur,4,4,Budget,Autumn,21911.93
Dharamshala,7,10,Budget,Autumn,59655.85
Ranthambore,3,13,Budget,Spring,108381.24
Tirupati,3,4,Standard,Winter,31845.96
Kolkata,7,7,Budget,Autumn,62956.56
Kumarakom,3,12,Standard,Spring,126271.52
Khajuraho,2,1,Standard,Monsoon,3592.19
Jaipur,8,9,Standard,Autumn,144432.87
Pachmarhi,1,7,Standard,Monsoon,10966.03
Pune,2,13,Luxury,Autumn,79516.74
Rann of Kutch,2,6,Budget,Winter,45971.23
Jaisalmer,1,5,Standard,Winter,18198.67
Gwalior,7,9,Standard,Monsoon,73590.23
Kumarakom,2,7,Budget,Summer,51983.06
Orchha,4,5,Standard,Winter,28078.29
Darjeeling,1,11,Luxury,Autumn,51755.0
Mysore,2,3,Budget,Autumn,8601.12
Mysore,3,1,Luxury,Monsoon,6921.63
Darjeeling,7,2,Luxury,Autumn,41683.86
Mount Abu,3,3,Luxury,Summer,32865.56
Tawang,5,11,Luxury,Winter,219630.56
Port Blair,8,9,Budget,Summer,148266.16
Majuli,8,11,Standard,Summer,100401.35
Rameswaram,6,3,Standard,Winter,21357.01
Haridwar,5,3,Luxury,Monsoon,16198.16
Haridwar,8,14,Luxury,Autumn,139630.5
Araku Valley,1,8,Standard,Summer,17748.23
Orchha,8,10,Luxury,Summer,176354.99
Lucknow,5,10,Standard,Winter,103460.83
Dharamshala,3,9,Standard,Monsoon,28305.88
Ooty,2,3,Luxury,Winter,26500.42
Khajuraho,4,3,Budget,Winter,20941.65
Pahalgam,3,5,Standard,Spring,33880.35
Leh,6,13,Budget,Autumn,215863.43
South Goa,2,13,Standard,Winter,113922.58
Ooty,4,14,Budget,Summer,95345.57
Tawang,4,5,Budget,Spring,29353.29
Manali,6,1,Budget,Monsoon,6483.64
Kanyakumari,8,14,Standard,Winter,148163.48
Pachmarhi,5,1,Standard,Summer,8271.01
Udaipur,1,1,Luxury,Winter,9096.46
Araku Valley,8,7,Luxury,Monsoon,81933.24
Tawang,2,13,Budget,Spring,46660.36
Ziro,5,6,Luxury,Autumn,53051.0
Gir National Park,2,11,Budget,Winter,76744.52
Darjeeling,1,7,Budget,Monsoon,12728.06
Mount Abu,1,10,Budget,Monsoon,16043.2
Tawang,8,1,Luxury,Monsoon,18980.83
Auli,5,8,Luxury,Summer,277119.39
Rishikesh,8,9,Luxury,Monsoon,89503.28
Pune,3,9,Budget,Winter,43012.52
Kodaikanal,5,9,Luxury,Monsoon,105533.24
Gokarna,3,8,Budget,Winter,25623.33
Wayanad,4,13,Budget,Autumn,65863.67
Kodaikanal,8,13,Standard,Autumn,169511.63
Kodaikanal,8,2,Luxury,Autumn,42317.85
South Goa,8,6,Luxury,Spring,219544.48
Kumarakom,4,10,Luxury,Monsoon,174553.14
Gokarna,7,12,Budget,Monsoon,51796.85
Lonavala,2,7,Standard,Monsoon,23555.08
Kumarakom,7,14,Luxury,Winter,609859.18
Haridwar,2,7,Budget,Monsoon,8128.58
Jaisalmer,7,8,Standard,Spring,107155.57
Pondicherry,1,10,Standard,Spring,27624.56
Kaziranga,5,14,Budget,Spring,167090.4
Visakhapatnam,8,11,Budget,Spring,101836.54
Varanasi,2,1,Standard,Summer,3035.96
Varkala,4,13,Luxury,Autumn,104951.19
Rishikesh,6,1,Luxury,Monsoon,7662.64
Leh,3,1,Budget,Summer,10623.21
Ooty,5,7,Budget,Monsoon,42083.51
Gwalior,1,3,Standard,Spring,6772.99
Gangtok,5,12,Budget,Autumn,98325.84
Pelling,3,5,Luxury,Summer,54553.1
Shillong,6,12,Luxury,Winter,251588.86
Udaipur,8,12,Luxury,Spring,474105.73
Munnar,1,9,Budget,Autumn,20185.74
Thekkady,7,4,Luxury,Autumn,84349.48
Puri,5,12,Standard,Monsoon,60284.5
Pondicherry,6,1,Budget,Summer,9809.6
Kaziranga,6,6,Budget,Autumn,78645.45
Puri,1,13,Budget,Winter,21887.8
Puri,6,2,Luxury,Monsoon,18721.68
Chennai,3,8,Standard,Monsoon,34079.54
Chennai,4,1,Budget,Spring,4911.02
North Goa,4,2,Budget,Winter,17616.11
South Goa,5,9,Standard,Summer,168497.29
Bhubaneswar,7,6,Standard,Winter,66193.36
Udaipur,2,2,Luxury,Spring,24711.42
Kolkata,6,11,Budget,Summer,101315.64
North Goa,2,9,Standard,Spring,49815.9
Dharamshala,4,11,Standard,Winter,65549.24
Varanasi,7,10,Luxury,Summer,137626.46
Haridwar,4,7,Budget,Summer,19916.18
Kanyakumari,2,3,Luxury,Spring,13981.92
Kumarakom,8,7,Luxury,Spring,282101.41
Araku Valley,3,2,Standard,Autumn,7741.35
Coorg,5,13,Standard,Summer,154605.33
Dharamshala,1,12,Standard,Autumn,22003.0
Mount Abu,4,5,Standard,Spring,35712.96
Kaziranga,2,8,Budget,Monsoon,33480.48
Bhubaneswar,4,2,Standard,Winter,13478.85
Shillong,5,6,Luxury,Autumn,96425.09
Orchha,4,8,Standard,Winter,46537.67
Rameswaram,6,14,Standard,Autumn,83957.07
Tawang,4,6,Budget,Summer,44765.9
Gulmarg,6,7,Budget,Monsoon,99038.12
Coorg,5,5,Luxury,Summer,91020.11
Kodaikanal,8,12,Budget,Monsoon,93318.41
Gir National Park,2,13,Standard,Summer,122193.49
Srinagar,4,5,Luxury,Spring,74332.36
Mumbai,3,9,Budget,Autumn,75023.19
Bengaluru,1,1,Luxury,Spring,6333.89
Gulmarg,7,9,Budget,Spring,182411.27
Orchha,1,13,Luxury,Monsoon,30390.88
Tirupati,1,1,Luxury,Spring,4792.25
Mount Abu,2,5,Luxury,Monsoon,26660.08
Gangtok,2,11,Luxury,Spring,90833.1
Gokarna,7,4,Standard,Autumn,28377.97
Srinagar,8,7,Budget,Autumn,92803.72
Alleppey,1,2,Luxury,Winter,12262.73
Jaisalmer,8,10,Luxury,Summer,287845.66
Havelock Island,6,9,Budget,Summer,213290.33
Kumarakom,1,5,Standard,Spring,24428.5
Bhubaneswar,8,2,Standard,Summer,23839.44
Lonavala,3,9,Standard,Autumn,51692.29
Leh,3,6,Standard,Winter,88377.08
Rann of Kutch,8,1,Standard,Summer,33419.36
Udaipur,4,1,Standard,Autumn,13186.76
South Goa,8,1,Budget,Monsoon,12917.62
Rameswaram,2,6,Luxury,Monsoon,18598.29
Bhubaneswar,1,14,Luxury,Autumn,43860.09
Orchha,8,8,Standard,Spring,69999.02
Bengaluru,4,12,Luxury,Monsoon,160428.96
Wayanad,6,7,Standard,Winter,84301.42
Agra,3,7,Luxury,Autumn,76611.84
Udaipur,4,9,Luxury,Monsoon,147047.87
Visakhapatnam,4,5,Standard,Monsoon,26848.44
Pune,3,12,Standard,Spring,62451.59
Leh,1,10,Standard,Monsoon,45371.64
Dharamshala,2,12,Luxury,Autumn,54653.2
Mahabalipuram,2,13,Standard,Summer,53928.52
Rameswaram,5,8,Standard,Monsoon,35310.94
Orchha,7,9,Standard,Winter,88202.68
Mahabalipuram,8,8,Budget,Winter,77842.08
Khajuraho,4,3,Luxury,Winter,42623.91
Pushkar,4,3,Standard,Summer,14246.96
Kovalam,4,3,Standard,Summer,38685.35
Agra,6,1,Budget,Monsoon,7338.8
Nainital,6,9,Budget,Autumn,81761.68
Pelling,1,14,Standard,Monsoon,28936.48
Mahabalipuram,5,6,Luxury,Summer,90341.36
Rann of Kutch,8,7,Standard,Monsoon,148920.83
North Goa,5,7,Standard,Spring,87543.44
Mysore,1,3,Budget,Monsoon,4420.39
Auli,4,1,Standard,Spring,13081.09
Manali,3,12,Budget,Winter,65070.66
Shillong,6,3,Standard,Winter,40911.07
Rameswaram,6,2,Budget,Monsoon,7162.49
Dalhousie,4,6,Standard,Spring,41898.74
Tirupati,5,13,Luxury,Summer,260366.85
Mahabaleshwar,7,9,Budget,Spring,83026.22
Dalhousie,3,4,Standard,Autumn,21668.55
Mahabaleshwar,4,5,Standard,Winter,46076.07
Havelock Island,8,7,Budget,Autumn,172344.0
Jaipur,1,4,Luxury,Winter,24862.26
Bhubaneswar,5,9,Standard,Monsoon,50460.51
Kolkata,6,4,Luxury,Winter,77298.77
Visakhapatnam,7,2,Standard,Monsoon,18131.51
Kaziranga,4,5,Standard,Spring,62453.52
Kovalam,6,10,Standard,Autumn,162941.04
Mahabaleshwar,6,14,Luxury,Spring,249423.52
Jaipur,7,9,Budget,Monsoon,78594.38
Mount Abu,8,2,Standard,Summer,30639.36
Bhubaneswar,5,9,Standard,Summer,75562.16
Darjeeling,5,14,Luxury,Monsoon,191237.42
Chennai,1,6,Budget,Autumn,10786.93
Visakhapatnam,7,9,Budget,Spring,74340.24
Haridwar,5,12,Luxury,Spring,79125.04
Shimla,3,13,Standard,Winter,102663.29
Kaziranga,3,7,Luxury,Monsoon,86342.29
Gulmarg,3,14,Standard,Autumn,185828.7
Lonavala,7,8,Budget,Monsoon,55363.51
Dharamshala,1,12,Luxury,Summer,42180.72
Varkala,4,13,Standard,Winter,73743.37
Dharamshala,4,11,Standard,Autumn,53219.68
Manali,7,14,Standard,Monsoon,144985.11
Agra,7,10,Standard,Autumn,133963.11
Konark,5,13,Standard,Winter,117250.48
Kanyakumari,1,4,Luxury,Summer,13965.79
Kaziranga,7,11,Budget,Spring,164767.34
Visakhapatnam,4,2,Standard,Monsoon,10701.03
Varkala,6,13,Standard,Autumn,94145.59
Chennai,2,1,Budget,Summer,3405.5
Nainital,2,2,Budget,Spring,7156.35
Cherrapunji,8,6,Budget,Summer,82967.46
Kaziranga,8,7,Budget,Monsoon,93357.8
Havelock Island,7,9,Luxury,Summer,504673.58
Kochi,3,8,Budget,Autumn,32649.37
Lonavala,4,14,Luxury,Spring,157832.23
Udaipur,7,3,Luxury,Spring,101447.44
Manali,6,14,Standard,Spring,151222.21
Dalhousie,1,8,Budget,Winter,17689.9
Chennai,2,9,Luxury,Winter,65186.74
Nainital,4,5,Luxury,Winter,77356.32
Jodhpur,2,12,Luxury,Winter,106933.59
Udaipur,8,1,Standard,Summer,28198.19
Varanasi,6,4,Budget,Spring,18444.92
North Goa,6,3,Budget,Autumn,32042.1
Ooty,4,1,Budget,Winter,6724.65
Agra,6,13,Budget,Spring,116656.02
Varanasi,1,11,Standard,Spring,17471.71
Pune,2,13,Standard,Autumn,49318.86
Thekkady,7,3,Budget,Monsoon,24432.86
Bengaluru,1,13,Luxury,Monsoon,67893.8
Dalhousie,2,10,Budget,Spring,30123.02
Manali,1,3,Luxury,Winter,15710.76
Agra,7,14,Luxury,Monsoon,247135.57
Bhubaneswar,8,9,Budget,Summer,80782.89
Shillong,4,6,Budget,Summer,40835.99
Hampi,1,5,Luxury,Monsoon,11495.56
Shillong,7,4,Budget,Spring,38723.83
Mount Abu,8,10,Standard,Monsoon,104819.34
Darjeeling,7,8,Budget,Winter,95498.95
Gokarna,4,14,Budget,Autumn,45524.31
Leh,6,13,Luxury,Autumn,449951.1
Shillong,4,7,Standard,Winter,65543.9
Kaziranga,3,12,Budget,Monsoon,73507.44
Varanasi,5,8,Standard,Winter,54779.1
Puri,8,3,Budget,Spring,20526.22
Kalimpong,7,1,Budget,Winter,7205.05
Alleppey,1,11,Standard,Autumn,35079.44
South Goa,6,1,Luxury,Monsoon,23431.72
Jodhpur,1,5,Budget,Winter,12820.68
Thekkady,5,3,Luxury,Summer,62520.58
Araku Valley,3,1,Budget,Monsoon,2455.55
Ranthambore,3,10,Standard,Winter,133355.9
Gir National Park,4,5,Standard,Winter,76931.54
Leh,7,14,Luxury,Winter,666609.3
Araku Valley,6,9,Standard,Spring,64989.17
Kaziranga,7,9,Budget,Spring,134079.33
Jaipur,2,8,Standard,Winter,48214.57
Araku Valley,1,12,Budget,Spring,15414.55
Dharamshala,7,6,Luxury,Winter,94961.84
North Goa,3,8,Luxury,Autumn,98344.06
Jaipur,5,9,Standard,Autumn,99582.31
Tirupati,7,3,Standard,Autumn,39420.14
Haridwar,5,9,Budget,Summer,35663.02
Thekkady,4,5,Luxury,Winter,78170.41
South Goa,8,1,Budget,Autumn,16675.71
Mumbai,3,10,Budget,Summer,97361.37
Araku Valley,1,2,Standard,Autumn,3606.2
Manali,6,2,Budget,Winter,20818.29
Kodaikanal,4,6,Luxury,Winter,80448.4
Puri,7,3,Budget,Autumn,18049.04
Udaipur,8,8,Budget,Spring,141254.41
Jaipur,5,11,Budget,Winter,111694.37
Bhubaneswar,8,9,Standard,Monsoon,74286.78
Havelock Island,1,12,Standard,Spring,77191.29
Lucknow,3,9,Standard,Monsoon,40556.47
Ranthambore,3,5,Luxury,Spring,84777.85
Chennai,5,4,Budget,Summer,30361.35
Alleppey,8,14,Standard,Winter,279658.65
Gulmarg,8,7,Luxury,Autumn,323699.77
Pahalgam,2,11,Luxury,Summer,100511.41
Dalhousie,8,5,Luxury,Autumn,100179.32
Leh,6,14,Standard,Monsoon,247343.82
Munnar,8,7,Budget,Autumn,79129.95
Agra,5,14,Standard,Spring,144465.95
Tirupati,3,9,Budget,Spring,44873.92
Pachmarhi,2,4,Standard,Autumn,12923.85
Shimla,4,3,Budget,Monsoon,14511.35
Bhubaneswar,4,12,Budget,Autumn,49316.13
Mahabaleshwar,8,10,Budget,Spring,103809.38
Tawang,5,1,Luxury,Spring,16883.73
Shillong,1,11,Luxury,Summer,59634.49
Tirupati,3,12,Standard,Monsoon,62214.83
Jodhpur,2,2,Luxury,Spring,14429.0
Alleppey,6,7,Budget,Spring,67988.52
Ziro,4,3,Standard,Summer,15404.29
Alleppey,7,6,Luxury,Autumn,139660.85
Jaisalmer,1,7,Luxury,Spring,33720.68
Shimla,3,11,Luxury,Monsoon,92681.49
Gokarna,4,14,Budget,Monsoon,35580.73
Ranthambore,7,14,Standard,Monsoon,249301.95
Jaipur,6,10,Luxury,Summer,245315.01
Kochi,2,3,Luxury,Summer,24442.37
Ranthambore,6,4,Standard,Autumn,83290.96
Majuli,8,4,Budget,Summer,26989.51
Jaipur,5,11,Luxury,Summer,235109.69
Cherrapunji,6,14,Budget,Spring,125100.1
Chennai,7,8,Luxury,Autumn,140436.31
Tawang,8,1,Standard,Spring,15021.02
Tirupati,5,4,Luxury,Spring,68761.56
South Goa,5,5,Budget,Autumn,57739.0
Ranthambore,4,10,Budget,Autumn,101027.38
Kochi,4,6,Budget,Autumn,32475.51
Mumbai,6,4,Budget,Monsoon,49064.69
Bhubaneswar,2,8,Luxury,Summer,51404.03
Shimla,1,6,Standard,Summer,21646.24
Majuli,6,12,Standard,Monsoon,57105.44
Konark,5,9,Budget,Summer,61506.27
Kodaikanal,3,14,Budget,Spring,60159.03
Kovalam,1,14,Standard,Monsoon,43494.03
Mount Abu,1,12,Standard,Autumn,30294.76
Darjeeling,1,14,Budget,Autumn,31300.45
Kovalam,1,9,Budget,Monsoon,21684.4
Ooty,8,13,Luxury,Monsoon,237584.07
Rishikesh,7,13,Standard,Autumn,85332.14
Havelock Island,5,8,Budget,Autumn,131427.68
Haridwar,8,13,Budget,Autumn,59304.8
Munnar,6,7,Budget,Summer,76234.53
Alleppey,2,4,Standard,Winter,25105.06
Mysore,5,2,Luxury,Spring,27198.45
Kodaikanal,1,4,Budget,Spring,7764.92
Ooty,7,2,Budget,Summer,22385.16
Gir National Park,3,2,Luxury,Autumn,33931.71
Mumbai,4,3,Standard,Monsoon,32891.79
Gulmarg,6,13,Luxury,Winter,598641.88
Coorg,1,11,Luxury,Autumn,49074.88
Tawang,7,1,Luxury,Summer,26363.47
Mumbai,6,5,Luxury,Winter,196943.33
Mysore,5,3,Luxury,Summer,49352.24
Kaziranga,2,12,Luxury,Monsoon,109108.7
Mumbai,7,12,Budget,Monsoon,156052.47
Pelling,4,6,Budget,Winter,37303.84
Gangtok,5,12,Luxury,Spring,214375.67
Gir National Park,2,12,Luxury,Monsoon,118980.65
Rishikesh,1,1,Standard,Autumn,1536.66
Gangtok,6,12,Budget,Spring,115456.14
Thekkady,6,5,Luxury,Monsoon,76643.13
Gwalior,6,14,Luxury,Monsoon,158986.77
Kochi,6,2,Luxury,Autumn,32079.4
Bengaluru,4,10,Budget,Monsoon,64339.94
Shimla,2,4,Budget,Summer,17349.78
Jaisalmer,8,13,Standard,Spring,191966.12
Tirupati,1,5,Budget,Autumn,11603.88
Kochi,2,3,Standard,Autumn,12542.51
Kochi,1,10,Budget,Spring,19747.61
Visakhapatnam,1,3,Luxury,Autumn,11877.91
Auli,3,2,Luxury,Autumn,35975.08
Ranthambore,7,5,Budget,Spring,87679.71
Manali,5,1,Standard,Monsoon,7880.45
Rishikesh,5,6,Luxury,Spring,49372.28
Agra,3,6,Luxury,Spring,63564.47
Chennai,2,14,Standard,Summer,64002.62
Ranthambore,8,10,Standard,Winter,319527.88
Tawang,7,8,Luxury,Monsoon,134799.32
Rann of Kutch,3,9,Standard,Summer,133800.52
Leh,5,7,Luxury,Summer,256976.76
Havelock Island,5,4,Budget,Summer,82872.25
Majuli,8,7,Standard,Autumn,49412.59
Madurai,6,3,Standard,Winter,23697.07
Bhubaneswar,8,9,Luxury,Summer,177321.22
Alleppey,3,3,Standard,Winter,25072.51
Dharamshala,1,3,Budget,Autumn,4119.39
Srinagar,5,5,Budget,Spring,47029.81
Mysore,2,3,Luxury,Summer,22431.73
Hampi,6,14,Standard,Monsoon,79361.99
Kaziranga,5,13,Standard,Autumn,203488.9
Majuli,3,3,Standard,Winter,11880.29
Jodhpur,4,6,Standard,Winter,53542.48
Auli,7,8,Luxury,Spring,286392.34
Kalimpong,6,11,Budget,Autumn,60620.91
Ooty,1,1,Budget,Autumn,2162.21
Lonavala,7,1,Luxury,Winter,22248.98
Nainital,8,4,Standard,Spring,58493.35
Thekkady,6,12,Budget,Spring,112792.48
Cherrapunji,8,7,Standard,Spring,101149.98
Rann of Kutch,4,9,Budget,Summer,120217.44
Orchha,8,2,Standard,Summer,21229.15
Rishikesh,1,9,Luxury,Monsoon,17669.0
Mussoorie,2,11,Standard,Monsoon,42958.84
Gangtok,3,12,Budget,Summer,75823.11
Shillong,2,7,Budget,Summer,27748.48
Agra,5,11,Budget,Summer,104803.38
Khajuraho,3,12,Budget,Spring,54269.79
Agra,3,4,Luxury,Spring,43134.21
Bengaluru,1,10,Budget,Spring,29956.18
Pushkar,3,14,Budget,Spring,35420.42
Pondicherry,5,9,Standard,Autumn,88776.38
Jodhpur,1,9,Standard,Monsoon,20281.15
Darjeeling,6,8,Budget,Spring,73398.16
Hampi,8,9,Luxury,Spring,133753.04
Pushkar,4,3,Standard,Spring,12183.61
Darjeeling,1,6,Budget,Spring,13408.22
Auli,1,9,Standard,Winter,53000.12
Gir National Park,5,14,Budget,Winter,212109.1
Jaipur,3,10,Budget,Monsoon,42898.08
Darjeeling,8,4,Budget,Monsoon,34264.88
Pachmarhi,2,4,Standard,Summer,15683.67
Alleppey,8,1,Standard,Spring,15768.49
Gwalior,5,6,Standard,Monsoon,35832.94
Bengaluru,7,6,Budget,Summer,94568.68
South Goa,2,7,Luxury,Spring,82181.37
Madurai,4,5,Budget,Spring,16821.76
Kochi,8,9,Luxury,Summer,217665.48
Kanyakumari,3,6,Luxury,Autumn,38615.86
Pune,2,2,Budget,Spring,5679.93
Mussoorie,5,7,Standard,Monsoon,58751.58
Udaipur,6,12,Budget,Summer,204614.01
Pelling,1,10,Standard,Monsoon,19760.88
Kanyakumari,3,3,Budget,Autumn,9070.99
Mumbai,3,11,Budget,Summer,109032.01
Alleppey,6,4,Standard,Spring,50477.64
Munnar,2,2,Budget,Winter,8650.77
Manali,4,4,Budget,Monsoon,18107.44
Gokarna,2,11,Luxury,Autumn,44565.91
Agra,5,14,Standard,Winter,171786.88
Pahalgam,6,14,Budget,Spring,126482.99
South Goa,8,1,Luxury,Autumn,34289.52
Araku Valley,8,9,Luxury,Spring,131150.66
Wayanad,8,8,Luxury,Winter,186202.78
Pushkar,7,3,Luxury,Winter,38974.2
Orchha,4,6,Luxury,Autumn,46680.9
Bhubaneswar,7,2,Budget,Winter,16385.36
Dalhousie,8,14,Luxury,Summer,345985.03
Rameswaram,5,9,Standard,Spring,47041.56
Mumbai,7,10,Luxury,Autumn,354991.17
Bhubaneswar,8,7,Luxury,Autumn,109571.41
Gwalior,5,9,Luxury,Spring,109114.41
Mussoorie,8,6,Luxury,Monsoon,115981.04
Hampi,1,3,Budget,Autumn,4232.8
Mount Abu,6,5,Luxury,Monsoon,66150.76
Jaisalmer,5,2,Budget,Spring,15170.3
Konark,1,2,Standard,Winter,5450.03
Mount Abu,7,4,Standard,Monsoon,37135.21
Visakhapatnam,8,5,Luxury,Monsoon,81098.11
Agra,4,3,Standard,Monsoon,19090.55
Alleppey,7,7,Standard,Autumn,98118.09
Agra,4,14,Luxury,Winter,218217.96
Dalhousie,8,9,Luxury,Spring,183539.35
Visakhapatnam,7,10,Luxury,Autumn,176747.96
Gwalior,7,8,Budget,Spring,59294.0
Khajuraho,2,8,Luxury,Winter,68963.46
Lucknow,5,13,Luxury,Autumn,185831.21
Tawang,1,9,Budget,Summer,24215.66
Pelling,8,10,Luxury,Autumn,197790.71
Majuli,3,4,Luxury,Spring,21634.22
Tirupati,7,13,Standard,Winter,214056.18
Mahabaleshwar,5,14,Budget,Monsoon,81304.82
Alleppey,4,6,Luxury,Autumn,82319.97
Darjeeling,8,5,Budget,Monsoon,46347.63
North Goa,2,11,Luxury,Summer,117078.51
Rishikesh,6,10,Budget,Summer,52284.46
Pachmarhi,5,11,Budget,Summer,70399.01
Konark,3,9,Budget,Summer,38258.59
Udaipur,3,7,Standard,Summer,88382.88
Lucknow,7,10,Budget,Summer,102948.85
Port Blair,6,13,Standard,Spring,179753.2
Varkala,3,5,Budget,Summer,17983.15
Kalimpong,1,1,Luxury,Winter,3571.74
Udaipur,8,4,Standard,Summer,115061.09
Leh,3,8,Budget,Monsoon,58608.29
Shimla,1,9,Budget,Monsoon,15623.81
Shimla,5,8,Standard,Monsoon,66319.75
Ranthambore,8,12,Luxury,Monsoon,375420.35
Varanasi,1,3,Budget,Monsoon,2821.7
Jodhpur,3,7,Luxury,Winter,81692.96
Haridwar,5,14,Luxury,Autumn,93146.15
Gwalior,1,12,Standard,Summer,32319.34
Tirupati,8,6,Luxury,Summer,172159.16
Tawang,8,2,Budget,Monsoon,17816.28
Alleppey,4,7,Budget,Autumn,45552.1
Darjeeling,7,7,Luxury,Monsoon,122105.18
Mount Abu,8,13,Standard,Winter,208217.42
Pelling,2,8,Standard,Autumn,32248.43
Chennai,2,5,Standard,Spring,19214.87
Chennai,3,1,Budget,Spring,3973.76
Coorg,4,2,Standard,Winter,17889.5
Madurai,7,7,Luxury,Autumn,83487.74
Ranthambore,3,4,Luxury,Winter,83419.13
Mahabaleshwar,2,5,Standard,Monsoon,18281.14
Port Blair,8,1,Standard,Summer,20157.43
Cherrapunji,3,4,Standard,Autumn,27538.02
Cherrapunji,3,6,Budget,Monsoon,23295.46
Varanasi,2,4,Standard,Summer,12322.91
Kanyakumari,7,4,Budget,Summer,28867.89
Mysore,1,3,Standard,Spring,7309.14
North Goa,8,6,Standard,Summer,129676.95
Gir National Park,3,2,Standard,Winter,25458.2
Pachmarhi,7,12,Luxury,Spring,171522.91
Port Blair,2,11,Luxury,Spring,101651.31
Mahabalipuram,4,2,Budget,Summer,10967.93
Lucknow,7,4,Luxury,Summer,85192.81
Wayanad,8,2,Luxury,Autumn,39303.59
Thekkady,6,3,Standard,Summer,42698.83
Wayanad,2,7,Standard,Monsoon,22507.25
Mysore,7,11,Budget,Monsoon,73300.1
Dalhousie,6,3,Standard,Summer,36490.56
Port Blair,6,13,Luxury,Summer,355404.15
Darjeeling,1,5,Standard,Monsoon,11906.68
Gulmarg,2,13,Luxury,Monsoon,157808.35
Mysore,4,2,Luxury,Autumn,21449.06
Pushkar,7,2,Standard,Monsoon,10521.03
Dharamshala,3,13,Standard,Spring,51919.74
Srinagar,3,7,Standard,Winter,65633.76
Pune,1,5,Standard,Spring,11961.93
Agra,7,2,Luxury,Autumn,43019.49
Visakhapatnam,1,5,Luxury,Winter,24608.6
Lucknow,5,9,Budget,Winter,71558.05
Kalimpong,8,14,Luxury,Autumn,203806.57
Mysore,2,14,Budget,Winter,47512.46
Majuli,6,9,Luxury,Autumn,85074.13
Coorg,6,7,Budget,Autumn,59884.04
Kolkata,1,14,Luxury,Summer,70562.68
Pune,7,5,Budget,Spring,40161.93
Jaisalmer,8,7,Budget,Winter,93942.28
Shimla,2,12,Standard,Summer,67753.82
North Goa,3,10,Standard,Winter,89105.56
Nainital,3,12,Standard,Summer,90642.04
Ooty,7,7,Standard,Monsoon,69120.01
Udaipur,4,14,Luxury,Autumn,299002.06
Ranthambore,2,3,Luxury,Winter,45616.29
Konark,2,13,Standard,Monsoon,38245.33
Wayanad,8,13,Budget,Autumn,125249.65
Puri,5,13,Luxury,Winter,154048.53
Orchha,3,1,Luxury,Winter,7608.13
Kovalam,5,7,Budget,Summer,90012.85
Pahalgam,5,13,Luxury,Winter,263758.5
Jodhpur,6,9,Budget,Summer,92650.73
Chennai,4,3,Luxury,Summer,37250.61
Pondicherry,5,14,Luxury,Monsoon,172806.01
Mahabaleshwar,8,9,Standard,Monsoon,100671.93
Wayanad,8,2,Standard,Spring,25285.94
Pelling,5,1,Standard,Winter,10342.76
Kanyakumari,7,6,Budget,Monsoon,29120.92
Pahalgam,6,6,Luxury,Spring,113883.55
Kaziranga,3,4,Standard,Monsoon,31563.93
Gulmarg,8,14,Budget,Summer,382922.78
Lonavala,2,12,Budget,Summer,43435.96
Shillong,8,5,Budget,Winter,65292.75
Puri,5,12,Luxury,Spring,121324.99
Pune,1,10,Luxury,Monsoon,30647.58
Agra,4,10,Standard,Autumn,83574.45
Mahabalipuram,5,13,Luxury,Monsoon,128784.68
Pelling,5,8,Luxury,Winter,136686.54
Rameswaram,7,11,Budget,Winter,66615.51
Gulmarg,4,2,Luxury,Winter,62911.81
Tawang,1,6,Luxury,Monsoon,23012.01
Gokarna,6,3,Budget,Summer,17728.39
Agra,6,10,Budget,Monsoon,72164.66
Dharamshala,2,6,Luxury,Autumn,27953.4
Lucknow,6,7,Standard,Autumn,70875.88
South Goa,8,12,Budget,Autumn,201152.82
Manali,8,12,Standard,Winter,203581.9
Wayanad,1,6,Standard,Monsoon,12414.39
Pondicherry,5,8,Standard,Winter,94275.3
Gulmarg,3,8,Budget,Autumn,80398.75
Gir National Park,5,3,Luxury,Monsoon,65302.23
Udaipur,5,13,Budget,Monsoon,130936.98
Darjeeling,6,11,Luxury,Spring,210631.89
Wayanad,3,5,Standard,Winter,32319.06
Kalimpong,2,11,Luxury,Monsoon,41453.34
Tirupati,5,5,Standard,Monsoon,42121.71
Ranthambore,2,11,Standard,Autumn,88042.07
Madurai,4,9,Luxury,Monsoon,49560.88
Tirupati,5,11,Luxury,Autumn,186871.54
Haridwar,4,2,Standard,Summer,7885.15
Jaipur,8,11,Luxury,Autumn,281251.08
Pushkar,7,11,Standard,Winter,88174.44
Cherrapunji,1,9,Standard,Winter,32499.43
Varanasi,1,3,Luxury,Spring,7474.79
Varanasi,2,6,Luxury,Summer,29261.66
Munnar,2,14,Standard,Summer,83146.55
Haridwar,6,8,Standard,Monsoon,31244.68
Mumbai,2,8,Standard,Autumn,64308.89
Bhubaneswar,6,4,Standard,Monsoon,25010.68
Havelock Island,8,12,Luxury,Spring,623077.13
Mahabaleshwar,8,1,Luxury,Monsoon,17758.13
Dharamshala,3,13,Luxury,Monsoon,64714.16
Port Blair,3,3,Budget,Winter,21204.14
Pelling,7,8,Luxury,Autumn,143474.63
Kumarakom,4,7,Budget,Summer,84225.65
Puri,6,10,Budget,Monsoon,44439.38
Pondicherry,2,12,Standard,Monsoon,43229.17
Mount Abu,6,2,Standard,Spring,21312.51
Bengaluru,1,14,Luxury,Monsoon,68042.4
Puri,5,8,Standard,Spring,49947.69
Mysore,5,13,Budget,Winter,100423.36
Leh,8,2,Standard,Winter,66703.86
Munnar,5,14,Standard,Winter,179397.51
Kodaikanal,8,14,Luxury,Spring,290644.02
Jaisalmer,7,1,Luxury,Winter,24999.19
Pelling,2,7,Budget,Winter,26076.38
Wayanad,3,2,Budget,Winter,9836.39
Udaipur,7,7,Budget,Summer,136125.04
Port Blair,4,12,Standard,Monsoon,90081.23
Kaziranga,1,7,Luxury,Winter,60931.76
Cherrapunji,8,9,Standard,Autumn,133086.28
Shimla,5,3,Budget,Spring,24673.37
Leh,7,12,Budget,Autumn,222041.45
North Goa,6,11,Luxury,Spring,247546.23
Pahalgam,6,13,Standard,Autumn,155314.38
Gokarna,7,8,Standard,Summer,68162.02
Nainital,8,3,Luxury,Spring,70714.64
Kovalam,7,11,Budget,Autumn,150044.4
Chennai,5,14,Standard,Spring,115300.13
Varanasi,5,4,Budget,Winter,20375.64
Darjeeling,1,4,Budget,Autumn,9221.22
Jaisalmer,2,8,Standard,Monsoon,30316.83
Cherrapunji,7,13,Budget,Summer,155634.79
Mumbai,5,9,Luxury,Winter,302883.7
Mahabaleshwar,5,7,Standard,Autumn,70811.38
Auli,5,11,Standard,Autumn,193005.96
Udaipur,4,9,Standard,Spring,115689.44
Kumarakom,8,7,Standard,Summer,206734.96
North Goa,1,12,Budget,Summer,38324.15
Pelling,8,8,Luxury,Spring,163907.95
Tawang,3,3,Luxury,Monsoon,25097.07
Jaisalmer,8,1,Standard,Autumn,15060.61
Gangtok,6,6,Standard,Autumn,77130.15
Puri,6,3,Budget,Summer,19166.78
Kovalam,3,5,Standard,Monsoon,34351.9
Mumbai,1,11,Standard,Monsoon,43464.18
Gokarna,5,7,Luxury,Spring,61569.94
Visakhapatnam,2,6,Budget,Monsoon,14238.67
Shillong,1,1,Luxury,Spring,4298.79
Shillong,3,12,Standard,Monsoon,59158.65
Havelock Island,8,8,Standard,Spring,261194.44
Gokarna,3,12,Budget,Spring,31122.29
Pachmarhi,3,2,Standard,Winter,10293.82
Port Blair,4,10,Standard,Monsoon,74165.24
Hampi,7,7,Standard,Spring,58681.51
Haridwar,4,7,Luxury,Summer,45000.16
Pahalgam,5,10,Budget,Spring,78063.59
Kovalam,6,4,Budget,Autumn,46252.22
Udaipur,2,10,Standard,Spring,77214.81
Munnar,5,9,Budget,Winter,86600.23
Alleppey,4,7,Luxury,Winter,116367.21
Agra,3,12,Standard,Monsoon,65124.63
Varkala,8,1,Luxury,Monsoon,11047.88
Majuli,2,5,Budget,Autumn,8814.94
Tirupati,3,9,Standard,Summer,71141.55
Kaziranga,6,3,Luxury,Spring,87151.39
Havelock Island,5,13,Standard,Spring,293840.93
Port Blair,7,7,Standard,Autumn,108983.12
Lonavala,1,4,Budget,Autumn,7734.5
Srinagar,1,1,Luxury,Winter,6865.51
Varanasi,3,6,Budget,Summer,18828.9
Jaisalmer,2,6,Budget,Summer,25691.59
Kanyakumari,3,6,Standard,Autumn,24254.5
Udaipur,5,6,Luxury,Autumn,155248.96
Coorg,6,12,Budget,Winter,120020.09
Kovalam,1,7,Standard,Winter,33481.87
Shimla,3,6,Standard,Winter,47908.02
Leh,1,1,Standard,Autumn,5420.75
Udaipur,7,3,Luxury,Spring,102099.33
Coorg,3,1,Luxury,Spring,9425.23
Wayanad,8,12,Budget,Autumn,115073.63
Jaisalmer,3,7,Standard,Summer,57209.7
Araku Valley,8,10,Standard,Autumn,89357.87
Visakhapatnam,3,8,Standard,Spring,42944.12
Bhubaneswar,6,3,Luxury,Monsoon,30540.44
Lonavala,7,9,Budget,Winter,95196.97
Pelling,6,3,Standard,Winter,36498.76
Tirupati,5,5,Luxury,Spring,85592.61
Lucknow,6,5,Standard,Winter,59837.87
Leh,7,13,Standard,Winter,385663.02
Port Blair,2,5,Standard,Monsoon,22946.1
Ziro,2,3,Luxury,Monsoon,10126.81
Manali,8,6,Standard,Monsoon,66269.75
Varanasi,4,1,Standard,Monsoon,3558.66
Mussoorie,4,12,Luxury,Summer,185721.87
Pushkar,3,1,Budget,Summer,2996.34
Alleppey,7,5,Luxury,Summer,135055.31
Mumbai,5,2,Luxury,Summer,68079.12
Shillong,7,14,Luxury,Summer,344560.78
Pachmarhi,3,14,Standard,Winter,73367.58
Puri,4,2,Budget,Winter,8659.25
Darjeeling,3,11,Budget,Monsoon,43247.44
Jodhpur,1,6,Luxury,Winter,32203.41
Kaziranga,4,13,Luxury,Winter,303614.42
Havelock Island,7,7,Luxury,Spring,322910.93
Haridwar,6,13,Luxury,Summer,118130.71
Mysore,8,5,Budget,Winter,52847.16
Mysore,6,12,Budget,Spring,84658.87
Jaipur,7,10,Budget,Spring,105898.49
Bengaluru,3,13,Luxury,Spring,184876.69
Agra,3,5,Luxury,Spring,54746.11
Pune,1,4,Standard,Spring,9409.99
Pushkar,6,5,Standard,Autumn,29853.66
Ranthambore,2,7,Budget,Monsoon,32714.89
Varanasi,4,4,Luxury,Spring,28077.11
Port Blair,3,7,Luxury,Spring,87922.22
Mussoorie,2,4,Standard,Autumn,19398.0
Mount Abu,6,7,Luxury,Autumn,117052.84
Visakhapatnam,2,3,Standard,Monsoon,9033.01
Pelling,5,5,Luxury,Monsoon,54113.14
Bhubaneswar,8,12,Budget,Autumn,86283.54
Lonavala,8,11,Budget,Monsoon,88321.8
Orchha,4,2,Luxury,Summer,18772.67
Rann of Kutch,8,12,Budget,Spring,250775.86
Khajuraho,4,4,Luxury,Winter,58801.48
Rann of Kutch,2,8,Luxury,Monsoon,89295.39
Gwalior,6,1,Standard,Summer,10748.97
Jodhpur,4,2,Standard,Spring,15397.59
Nainital,2,12,Budget,Autumn,41120.35
Mahabalipuram,6,5,Budget,Summer,38929.29
Bhubaneswar,8,12,Budget,Spring,92249.31
Port Blair,8,10,Budget,Winter,157304.36
Bhubaneswar,3,1,Standard,Monsoon,3606.51
Gulmarg,6,9,Standard,Autumn,217665.07
Khajuraho,2,5,Standard,Autumn,22974.18
Pushkar,6,8,Standard,Winter,56370.08
Mysore,4,13,Standard,Autumn,83768.98
Gangtok,8,9,Budget,Autumn,108794.06
Kolkata,8,7,Budget,Monsoon,54761.71
Jodhpur,5,11,Budget,Monsoon,64371.98
Araku Valley,8,12,Budget,Autumn,81074.52
Jaipur,7,13,Standard,Spring,186923.52
Rameswaram,5,2,Budget,Monsoon,6400.37
Madurai,5,1,Luxury,Monsoon,6981.99
Darjeeling,7,14,Budget,Monsoon,111681.18
Coorg,1,5,Budget,Summer,12992.8
Tirupati,3,12,Budget,Summer,69730.27
Rameswaram,8,7,Luxury,Monsoon,68636.68
Mount Abu,3,14,Budget,Winter,72203.44
Kumarakom,1,1,Standard,Autumn,5027.14
Kochi,3,1,Luxury,Autumn,9345.51
Mount Abu,7,9,Luxury,Monsoon,136792.36
Auli,4,13,Budget,Spring,135414.34
Varkala,5,5,Standard,Monsoon,25050.79
Mahabalipuram,8,10,Luxury,Winter,210185.59
Lucknow,5,11,Budget,Spring,73657.75
Kochi,7,12,Luxury,Monsoon,181384.57
Orchha,3,10,Luxury,Winter,79028.98
Munnar,6,4,Budget,Winter,43183.18
Konark,8,3,Luxury,Spring,51952.92
Rishikesh,5,7,Budget,Spring,28315.59
Orchha,6,6,Luxury,Monsoon,54882.19
Darjeeling,4,9,Standard,Spring,72673.19
Rann of Kutch,7,1,Standard,Winter,30103.29
Kanyakumari,2,7,Luxury,Summer,38601.15
Orchha,6,9,Budget,Monsoon,38879.11
Kolkata,6,14,Budget,Autumn,107623.0
Kochi,2,6,Luxury,Autumn,41527.72
Gokarna,1,7,Standard,Summer,13230.53
Chennai,2,10,Budget,Autumn,28316.97
Kaziranga,4,2,Budget,Spring,18041.45
Madurai,2,6,Budget,Winter,13882.77
Khajuraho,4,3,Standard,Spring,23145.84
Madurai,8,11,Standard,Summer,102269.38
Jodhpur,7,3,Luxury,Monsoon,47607.12
Lonavala,5,4,Budget,Winter,32941.16
Mahabaleshwar,6,14,Luxury,Winter,280948.47
Haridwar,4,14,Standard,Winter,54644.81
Srinagar,2,10,Luxury,Winter,107307.44
Shimla,4,6,Standard,Monsoon,40927.84
Mahabaleshwar,2,9,Budget,Winter,36673.92
Haridwar,6,6,Luxury,Summer,55694.7
Udaipur,4,2,Luxury,Autumn,40250.25
Rameswaram,2,6,Luxury,Monsoon,19028.6
Shillong,4,1,Luxury,Winter,14439.42
Rishikesh,3,4,Standard,Spring,13501.35
Varanasi,4,2,Luxury,Winter,16403.23
Pachmarhi,1,7,Budget,Monsoon,8408.7
Mumbai,3,12,Luxury,Summer,256363.65
Mussoorie,5,10,Standard,Autumn,107940.84
Cherrapunji,3,10,Luxury,Winter,128124.63
Udaipur,5,7,Luxury,Monsoon,148970.99
Coorg,4,6,Luxury,Autumn,71780.33
Ranthambore,8,3,Luxury,Winter,144054.2
Kolkata,8,13,Luxury,Autumn,264063.69
Kolkata,4,9,Standard,Autumn,63948.73
Varanasi,1,8,Budget,Spring,9700.67
Srinagar,3,10,Standard,Summer,89373.71
Lucknow,6,11,Luxury,Autumn,176420.99
Madurai,2,9,Standard,Autumn,22919.02
Cherrapunji,7,12,Budget,Spring,120281.68
Kochi,3,8,Luxury,Summer,87224.31
Visakhapatnam,1,14,Standard,Monsoon,27964.06
Orchha,6,8,Luxury,Autumn,91557.24
Bhubaneswar,7,10,Budget,Winter,80654.2
Alleppey,7,12,Budget,Winter,160081.26
Ranthambore,7,3,Budget,Winter,62293.56
Jaipur,5,6,Budget,Summer,60870.67
Lucknow,6,8,Luxury,Winter,153412.6
Kalimpong,4,12,Luxury,Summer,112948.06
Kovalam,2,5,Luxury,Winter,62024.21
Kodaikanal,5,6,Standard,Spring,53545.49
Munnar,4,8,Luxury,Autumn,107058.24
Orchha,5,8,Budget,Summer,44832.21
Puri,3,7,Luxury,Autumn,43310.72
Pushkar,7,7,Budget,Autumn,37258.92
Kanyakumari,2,12,Luxury,Monsoon,43035.14
Mahabalipuram,2,7,Luxury,Monsoon,31927.03
Lonavala,2,5,Budget,Autumn,16154.94
Kovalam,4,7,Budget,Autumn,56885.08
Bhubaneswar,2,9,Standard,Summer,34304.7
Shimla,1,11,Budget,Autumn,24413.96
Pahalgam,5,7,Luxury,Summer,140241.24
Khajuraho,2,3,Budget,Spring,10196.81
Tawang,4,1,Budget,Autumn,5769.93
Kovalam,6,12,Luxury,Winter,370294.01
Ranthambore,3,7,Budget,Monsoon,47035.31
Port Blair,2,1,Luxury,Summer,10573.1
Kalimpong,2,2,Budget,Autumn,4264.85
Kanyakumari,5,6,Standard,Summer,45424.64
Pushkar,8,12,Budget,Summer,78904.52
Udaipur,7,4,Budget,Autumn,64660.87
Mount Abu,7,2,Standard,Autumn,23867.73
Auli,2,4,Budget,Winter,28571.03
Kolkata,8,14,Budget,Autumn,135637.91
Rishikesh,5,3,Budget,Winter,14175.05
Haridwar,2,5,Budget,Spring,7365.69
Pondicherry,6,2,Luxury,Autumn,35711.63
Kochi,7,5,Luxury,Summer,113209.17
Lonavala,4,2,Luxury,Summer,27995.29
Araku Valley,2,3,Luxury,Winter,16241.16
Rann of Kutch,4,6,Budget,Monsoon,54338.3
Visakhapatnam,4,9,Luxury,Monsoon,77830.94
Kalimpong,1,14,Luxury,Spring,39103.8
Jodhpur,8,6,Luxury,Winter,157548.05
Mahabalipuram,7,1,Budget,Autumn,7471.42
Mysore,6,9,Standard,Autumn,87103.48
Pachmarhi,1,7,Standard,Monsoon,10965.62
Mumbai,3,3,Standard,Autumn,33019.21
Kochi,8,10,Budget,Monsoon,79274.31
Mussoorie,1,13,Budget,Spring,29000.63
Coorg,3,11,Standard,Autumn,67859.2
Pondicherry,7,12,Budget,Monsoon,90447.4
Rann of Kutch,5,10,Budget,Winter,178313.35
Cherrapunji,3,1,Budget,Monsoon,3813.96
Alleppey,3,14,Standard,Autumn,97020.58
Thekkady,6,6,Standard,Monsoon,57111.81
Udaipur,4,2,Luxury,Monsoon,33813.76
Majuli,4,14,Budget,Autumn,42815.79
Srinagar,6,2,Luxury,Spring,43647.06
Pondicherry,7,13,Luxury,Autumn,262646.1
Pachmarhi,6,6,Luxury,Winter,92555.97
Gangtok,5,14,Budget,Autumn,116278.69
Varanasi,5,3,Standard,Winter,19820.31
Shillong,2,7,Budget,Winter,28451.59
Shimla,7,1,Budget,Autumn,10350.52
Port Blair,2,5,Budget,Winter,24219.69
Mussoorie,4,11,Standard,Winter,107239.52
Konark,1,1,Budget,Winter,1968.58
Gwalior,3,11,Budget,Spring,40545.43
Kaziranga,6,6,Standard,Winter,127473.37
Gangtok,5,1,Standard,Autumn,11394.87
Majuli,1,10,Luxury,Winter,29442.34
Lucknow,3,6,Standard,Winter,39165.89
Pondicherry,2,8,Standard,Winter,43043.66
Konark,6,4,Budget,Spring,26180.61
Mussoorie,7,11,Standard,Monsoon,120338.24
Gangtok,6,3,Luxury,Summer,71753.33
Ziro,7,9,Luxury,Autumn,104011.24
Varanasi,4,11,Standard,Autumn,47770.84
Konark,8,14,Standard,Winter,191052.16
Jaisalmer,6,6,Luxury,Summer,135520.01
Pelling,2,12,Luxury,Winter,93986.24
Srinagar,5,4,Budget,Autumn,36682.13
Agra,8,5,Luxury,Autumn,116902.11
Darjeeling,2,8,Budget,Spring,28431.8
Hampi,5,14,Standard,Monsoon,69302.78
Gulmarg,2,10,Budget,Summer,88898.45
North Goa,4,9,Budget,Autumn,63808.31
Shillong,3,6,Standard,Autumn,36457.86
Gwalior,1,10,Luxury,Spring,34619.71
Kalimpong,1,11,Budget,Autumn,15234.03
Gokarna,8,7,Standard,Autumn,56016.23
Orchha,7,3,Luxury,Autumn,39799.04
Dharamshala,1,9,Budget,Spring,12266.86
Shimla,2,7,Luxury,Winter,66108.87
Kaziranga,1,1,Standard,Monsoon,3627.34
Ziro,3,10,Budget,Monsoon,20744.71
Cherrapunji,2,2,Standard,Spring,9718.23
Pondicherry,7,13,Budget,Spring,121951.95
Wayanad,5,11,Standard,Summer,115150.5
Kanyakumari,8,8,Standard,Summer,86387.83
Tawang,1,8,Budget,Summer,21506.86
Thekkady,8,14,Standard,Monsoon,166869.96
Pune,2,8,Budget,Summer,26788.79
Pushkar,8,10,Budget,Autumn,55015.46
Kovalam,7,13,Standard,Monsoon,181670.39
Mount Abu,8,8,Luxury,Monsoon,132735.57
Gwalior,5,12,Luxury,Monsoon,117453.76
Varkala,1,10,Standard,Winter,21914.82
Kumarakom,2,3,Budget,Winter,20996.28
Ranthambore,4,1,Budget,Spring,10015.42
Kovalam,2,7,Luxury,Spring,73209.46
Dharamshala,6,14,Budget,Summer,90494.24
Jodhpur,8,10,Budget,Spring,103805.04
Shimla,8,4,Luxury,Summer,114414.53
Pondicherry,2,1,Budget,Autumn,3343.38
Ziro,4,3,Budget,Winter,11643.6
Mahabaleshwar,4,1,Standard,Spring,7642.91
South Goa,6,13,Standard,Winter,281572.07
Wayanad,8,4,Standard,Winter,62507.21
Port Blair,7,7,Budget,Summer,99585.21
Mount Abu,6,11,Luxury,Spring,187487.78
Kodaikanal,8,2,Standard,Monsoon,21319.79
Shimla,8,13,Standard,Winter,227762.6
Haridwar,3,4,Standard,Autumn,10433.92
Wayanad,6,3,Luxury,Autumn,45705.31
Wayanad,3,7,Budget,Monsoon,23463.41
Tirupati,5,7,Budget,Summer,65432.62
Udaipur,5,3,Standard,Summer,62496.48
Rishikesh,8,6,Standard,Autumn,45109.36
Coorg,6,7,Luxury,Winter,150676.45
Hampi,2,9,Standard,Summer,31582.28
Jaisalmer,6,3,Luxury,Monsoon,45439.52
Mahabalipuram,2,13,Standard,Autumn,45734.53
Leh,5,2,Luxury,Winter,74460.57
Shimla,5,8,Luxury,Monsoon,106173.85
Ziro,7,9,Budget,Winter,55919.59
Kumarakom,2,4,Budget,Spring,24170.98
Dalhousie,5,4,Standard,Spring,35815.59
Agra,2,12,Standard,Spring,57625.21
Dharamshala,1,9,Standard,Autumn,15526.79
Tawang,6,10,Budget,Monsoon,71538.77
Gokarna,3,8,Standard,Autumn,29506.48
Ooty,1,8,Luxury,Winter,43332.36
Gangtok,1,12,Standard,Monsoon,31161.01
Mahabalipuram,2,10,Budget,Monsoon,20893.84
Lucknow,1,2,Standard,Autumn,5037.97
South Goa,2,5,Standard,Summer,44712.53
Coorg,2,3,Budget,Winter,11797.16
Mahabaleshwar,5,12,Standard,Spring,114960.7
Kovalam,2,11,Standard,Winter,84953.99
Kodaikanal,4,9,Standard,Monsoon,51571.15
Ranthambore,7,10,Luxury,Summer,430512.51
Dalhousie,1,2,Budget,Winter,4422.52
Mahabaleshwar,5,6,Luxury,Autumn,94236.53
Shillong,7,10,Standard,Monsoon,97735.33
Mumbai,5,2,Budget,Spring,26373.54
Orchha,8,10,Luxury,Spring,142444.5
Port Blair,5,5,Budget,Monsoon,36933.97
Kumarakom,2,14,Luxury,Winter,218519.85
Dharamshala,4,8,Luxury,Spring,62004.92
Rishikesh,2,12,Budget,Autumn,22299.76
Lucknow,5,13,Budget,Autumn,87307.78
Lucknow,8,11,Standard,Autumn,136970.58
Visakhapatnam,8,8,Luxury,Autumn,155160.72
Mussoorie,5,12,Standard,Spring,123733.58
Darjeeling,8,12,Luxury,Autumn,284383.33
Shillong,3,14,Standard,Spring,81252.17
Kumarakom,7,1,Budget,Autumn,17094.16
Manali,3,13,Standard,Monsoon,65103.38
Nainital,6,12,Luxury,Winter,266555.4
Mysore,3,5,Budget,Autumn,19652.46
Kumarakom,3,2,Luxury,Summer,43208.17
Leh,1,13,Luxury,Autumn,112621.37
Thekkady,2,12,Budget,Winter,50521.79
Jaisalmer,3,11,Luxury,Winter,139117.7
Ooty,1,10,Standard,Spring,27588.29
Pondicherry,2,7,Budget,Monsoon,19439.26
Madurai,7,2,Budget,Spring,10920.0
Udaipur,4,11,Standard,Spring,136413.98
Mahabaleshwar,3,4,Standard,Summer,29115.13
Kalimpong,8,5,Luxury,Spring,71950.29
Lonavala,7,10,Standard,Autumn,115000.29
Jaisalmer,5,2,Budget,Monsoon,12186.79
Mahabaleshwar,2,13,Standard,Spring,59388.93
Rameswaram,1,7,Budget,Spring,7762.86
Hampi,5,2,Luxury,Winter,23233.92
Tirupati,2,10,Standard,Monsoon,38014.67
Kaziranga,5,3,Budget,Spring,35516.3
Mahabaleshwar,1,5,Budget,Summer,12695.12
Tirupati,1,10,Standard,Spring,29214.73
Ziro,4,3,Standard,Summer,16153.67
Auli,8,14,Budget,Autumn,262839.26
Pelling,7,1,Standard,Monsoon,8699.91
Agra,7,12,Standard,Spring,156356.88
Mumbai,8,5,Budget,Winter,111664.63
Alleppey,1,6,Budget,Monsoon,11545.47
Kodaikanal,1,3,Luxury,Autumn,12323.67
Kalimpong,4,4,Budget,Winter,17440.12
Port Blair,5,1,Standard,Monsoon,9884.29
Dharamshala,7,6,Standard,Winter,58356.07
Tawang,3,4,Budget,Autumn,19629.27
Ooty,5,2,Standard,Monsoon,15820.32
Kodaikanal,4,13,Standard,Summer,108837.62
Tirupati,4,14,Budget,Summer,101003.5
Tirupati,2,2,Budget,Monsoon,5725.64
Haridwar,1,2,Standard,Monsoon,1904.78
North Goa,1,12,Luxury,Spring,65680.07
Khajuraho,5,12,Luxury,Monsoon,153759.08
Konark,1,5,Budget,Summer,9791.73
Nainital,3,11,Standard,Spring,71888.57
North Goa,4,11,Standard,Monsoon,83235.53
Ooty,5,1,Standard,Spring,9952.67
Hampi,4,7,Standard,Spring,33957.91
Gokarna,7,11,Budget,Monsoon,46903.33
Kochi,2,3,Budget,Spring,9430.56
Mahabaleshwar,7,4,Budget,Spring,38019.92
Varanasi,8,7,Budget,Spring,40323.75
Srinagar,1,7,Luxury,Spring,39261.77
Mahabalipuram,4,6,Luxury,Winter,68657.85
Bhubaneswar,7,10,Standard,Spring,92086.89
Hampi,2,6,Standard,Autumn,17616.3
Shillong,6,3,Standard,Spring,34244.54
North Goa,3,3,Standard,Winter,28036.2
Kochi,5,3,Budget,Summer,24970.21
Leh,7,10,Budget,Spring,193739.45
Shimla,5,3,Standard,Summer,37357.54
Khajuraho,4,6,Luxury,Monsoon,56620.48
Pahalgam,1,4,Budget,Monsoon,7206.39
Kodaikanal,4,13,Standard,Autumn,88073.73
Gwalior,1,6,Budget,Monsoon,7809.2
Madurai,2,11,Standard,Monsoon,22847.25
Kalimpong,3,3,Standard,Spring,12101.43
Ooty,1,13,Budget,Autumn,27898.77
Haridwar,8,13,Standard,Summer,91148.36
Kanyakumari,3,3,Budget,Winter,10271.81
Rishikesh,7,14,Budget,Winter,85601.56
Havelock Island,5,11,Luxury,Autumn,418644.17
Bhubaneswar,1,6,Luxury,Spring,18756.97
Pachmarhi,7,12,Luxury,Summer,203855.08
Kanyakumari,6,11,Budget,Monsoon,46099.77
Havelock Island,1,5,Budget,Winter,29784.16
Manali,2,7,Standard,Autumn,31358.44
Puri,7,10,Standard,Monsoon,66246.58
Wayanad,2,12,Luxury,Summer,92512.96
Mumbai,6,2,Budget,Summer,35356.66
Cherrapunji,7,5,Budget,Autumn,51405.76
Shillong,3,13,Standard,Winter,98605.31
Alleppey,3,5,Standard,Autumn,35302.67
Udaipur,8,10,Luxury,Monsoon,310796.08
Mussoorie,6,13,Budget,Winter,137870.91
Rishikesh,6,1,Standard,Monsoon,4707.44
Gwalior,5,1,Luxury,Winter,15177.37
Coorg,7,12,Budget,Summer,139675.4
Madurai,4,6,Luxury,Monsoon,33976.21
Mussoorie,2,2,Standard,Autumn,9665.9
Lonavala,2,10,Standard,Autumn,41308.09
Majuli,5,5,Standard,Spring,25085.37
Orchha,5,8,Standard,Monsoon,40666.05
Auli,8,8,Luxury,Monsoon,252330.45
Agra,6,2,Luxury,Winter,45650.25
Munnar,3,9,Budget,Autumn,43201.96
Pondicherry,5,6,Luxury,Autumn,93680.16
Mussoorie,2,14,Standard,Autumn,68784.51
Mysore,5,4,Standard,Autumn,33683.36
Mumbai,7,6,Standard,Autumn,133310.11
Port Blair,7,9,Luxury,Autumn,232191.48
Manali,7,10,Standard,Spring,130660.39
Gwalior,6,10,Standard,Summer,106925.71
Gir National Park,4,10,Budget,Autumn,99841.7
Kolkata,5,6,Standard,Autumn,55372.25
Gulmarg,6,12,Budget,Spring,220230.08
Khajuraho,1,4,Budget,Summer,9984.07
Pahalgam,7,14,Luxury,Spring,301980.86
Kanyakumari,5,10,Budget,Winter,56704.4
Jodhpur,1,11,Luxury,Summer,61054.58
Rishikesh,7,1,Standard,Monsoon,5220.15
Kovalam,1,10,Budget,Winter,35790.1
Pondicherry,4,4,Standard,Autumn,30331.25
Srinagar,8,12,Luxury,Spring,338555.66
Kalimpong,8,9,Standard,Monsoon,64259.01
Varanasi,3,8,Budget,Spring,21265.33
Kumarakom,4,4,Budget,Winter,49908.94
Varanasi,5,2,Luxury,Autumn,17467.98
Darjeeling,5,10,Budget,Spring,80667.87
Kovalam,2,5,Standard,Monsoon,25730.36
Shillong,2,7,Luxury,Monsoon,39994.77
Jodhpur,4,4,Budget,Spring,22742.68
Manali,2,1,Standard,Winter,5444.51
Pushkar,6,9,Budget,Autumn,39416.05
Pachmarhi,8,6,Standard,Autumn,58599.3
Pelling,4,1,Luxury,Monsoon,8821.69
Jaipur,3,3,Standard,Winter,25220.18
Shillong,1,9,Standard,Autumn,25418.89
Visakhapatnam,6,7,Budget,Spring,52278.96
Manali,5,6,Luxury,Autumn,93829.41
Mussoorie,8,10,Budget,Monsoon,89487.43
Pahalgam,1,10,Budget,Summer,26730.67
Orchha,6,2,Luxury,Spring,22493.09
Rameswaram,7,3,Luxury,Summer,38647.96
Gulmarg,6,13,Budget,Spring,234980.32
Gulmarg,5,2,Standard,Autumn,41172.99
Shillong,4,10,Standard,Monsoon,62050.94
Mahabaleshwar,7,7,Standard,Monsoon,69551.05
Auli,2,3,Budget,Autumn,17591.34
Kovalam,4,10,Budget,Spring,78397.89
Bhubaneswar,7,11,Standard,Winter,119705.65
Varkala,4,14,Standard,Autumn,66626.01
Cherrapunji,2,14,Luxury,Autumn,107665.88
Pelling,3,9,Budget,Monsoon,28500.16
Manali,7,11,Luxury,Monsoon,177606.21
Tawang,8,3,Standard,Winter,53665.58
Pune,4,7,Budget,Summer,42185.38
Jodhpur,7,7,Standard,Spring,87474.16
Havelock Island,2,5,Budget,Autumn,40433.05
Auli,1,12,Luxury,Summer,118591.27
Pushkar,5,2,Standard,Winter,12091.63
Gokarna,1,2,Standard,Winter,3622.48
Gokarna,8,10,Standard,Monsoon,65016.65
Jaisalmer,6,7,Budget,Winter,77817.84
Araku Valley,6,14,Standard,Winter,126319.85
Varanasi,7,3,Luxury,Winter,41933.78
Auli,1,5,Standard,Autumn,24874.85
Varkala,1,2,Budget,Winter,3232.86
Kochi,2,10,Luxury,Monsoon,51932.94
Ranthambore,2,3,Luxury,Summer,46962.48
Manali,3,3,Budget,Spring,14052.04
Ziro,2,13,Budget,Summer,30614.44
Gulmarg,5,5,Luxury,Spring,169336.78
Udaipur,7,12,Standard,Summer,317364.25
Madurai,1,10,Luxury,Winter,30551.97
Pune,2,3,Standard,Summer,14118.16
Wayanad,5,1,Luxury,Winter,16884.37
Agra,1,9,Budget,Monsoon,16462.35
Araku Valley,8,7,Budget,Summer,56010.13
Mahabaleshwar,1,5,Budget,Monsoon,8499.55
Tirupati,3,3,Budget,Winter,18671.22
Munnar,3,5,Luxury,Monsoon,43240.46
Gulmarg,1,8,Luxury,Monsoon,61590.21
Shillong,4,5,Budget,Autumn,28035.75
Mount Abu,6,13,Standard,Summer,167407.9
Araku Valley,1,9,Luxury,Summer,31116.03
Srinagar,5,3,Budget,Monsoon,21571.92
Coorg,6,12,Budget,Winter,121825.4
Varanasi,5,7,Budget,Monsoon,23809.87
Tirupati,8,8,Standard,Summer,144499.64
Havelock Island,2,8,Standard,Spring,85036.95
Ooty,6,9,Standard,Spring,100283.34
Mussoorie,2,8,Luxury,Winter,71520.2
Udaipur,1,4,Luxury,Autumn,31507.01
Chennai,8,10,Standard,Summer,140234.1
Tirupati,7,12,Luxury,Winter,299658.7
Pune,5,7,Standard,Summer,67435.36
Shillong,5,14,Standard,Monsoon,108866.74
Kumarakom,8,7,Budget,Winter,161307.35
Pushkar,1,9,Budget,Summer,12141.8
Ranthambore,6,11,Luxury,Autumn,370190.0
Gir National Park,8,10,Budget,Monsoon,147596.52
Jodhpur,5,10,Budget,Summer,88108.5
Jodhpur,6,8,Luxury,Summer,171562.93
Agra,3,2,Budget,Summer,11454.29
Pachmarhi,1,2,Budget,Autumn,2998.81
Gokarna,4,3,Standard,Summer,15587.92
Kanyakumari,7,2,Luxury,Autumn,25949.95
Orchha,6,9,Standard,Winter,75727.59
Pune,8,10,Budget,Spring,89462.12
Shillong,5,8,Luxury,Monsoon,101717.22
Pushkar,2,5,Budget,Spring,8964.21
Puri,4,8,Standard,Winter,45324.74
Ziro,7,11,Budget,Spring,59559.68
Ranthambore,7,12,Luxury,Monsoon,354937.09
Orchha,2,12,Luxury,Spring,54573.08
Leh,2,6,Standard,Monsoon,42107.9
Bhubaneswar,8,11,Budget,Monsoon,67852.67
Pushkar,6,7,Standard,Winter,50935.27
Ziro,4,12,Luxury,Autumn,83190.97
Ooty,8,14,Luxury,Summer,382873.59
Wayanad,5,6,Standard,Autumn,53496.25
Tirupati,4,4,Standard,Summer,39122.14
Agra,2,10,Budget,Monsoon,28003.79
Madurai,6,2,Standard,Monsoon,10277.79
Bhubaneswar,7,2,Luxury,Autumn,29367.1
Dharamshala,4,14,Standard,Spring,67065.94
Gwalior,8,2,Budget,Winter,19703.32
Kodaikanal,6,11,Standard,Summer,137612.35
Pondicherry,5,7,Standard,Monsoon,55425.05
Coorg,5,4,Standard,Spring,37643.29
Khajuraho,2,8,Standard,Autumn,35714.15
Kumarakom,4,8,Luxury,Spring,175118.67
Mahabaleshwar,7,8,Luxury,Winter,195873.1
Pelling,2,5,Luxury,Spring,31702.36
Kumarakom,6,2,Standard,Winter,49144.19
Pachmarhi,6,7,Budget,Monsoon,31976.67
Mount Abu,8,3,Luxury,Monsoon,49944.13
Dharamshala,5,7,Luxury,Winter,87489.43
Wayanad,2,3,Budget,Autumn,9054.94
Pachmarhi,6,4,Budget,Monsoon,19076.01
Gwalior,2,8,Luxury,Spring,45591.72
Ranthambore,5,12,Luxury,Summer,402616.19
Varanasi,5,3,Budget,Winter,15430.31
Rann of Kutch,4,2,Standard,Monsoon,24102.9
Gulmarg,7,9,Standard,Autumn,241603.86
Gir National Park,4,2,Luxury,Autumn,42632.0
Shimla,7,12,Budget,Monsoon,100304.28
Gwalior,3,1,Budget,Autumn,3636.13
Mahabalipuram,1,2,Luxury,Monsoon,5525.46
Pondicherry,6,5,Standard,Summer,68557.66
Munnar,2,8,Standard,Monsoon,29976.16
Wayanad,7,8,Luxury,Monsoon,113923.66
Darjeeling,3,5,Standard,Spring,33863.75
Jaisalmer,7,1,Standard,Spring,13252.75
South Goa,1,12,Budget,Autumn,41423.11
Agra,5,10,Budget,Winter,96661.55
Auli,4,1,Budget,Winter,12397.48
Port Blair,1,1,Luxury,Monsoon,4421.1
Kovalam,3,9,Standard,Spring,79122.44
Ooty,2,5,Standard,Summer,26787.36
Mahabaleshwar,8,12,Luxury,Autumn,261488.35
Varkala,3,6,Luxury,Spring,38167.13
Rann of Kutch,1,8,Standard,Autumn,44154.51
Puri,7,11,Luxury,Monsoon,115843.85
Port Blair,2,9,Budget,Autumn,37897.93
Kalimpong,4,7,Budget,Spring,25420.12
Mumbai,3,12,Luxury,Summer,245332.99
Mount Abu,4,10,Budget,Summer,63722.23
Jaipur,1,11,Budget,Autumn,25745.51
Lonavala,8,5,Standard,Monsoon,53084.78
Alleppey,7,7,Standard,Monsoon,82837.28
Tawang,7,13,Budget,Winter,163905.92
Varkala,1,11,Standard,Summer,23319.01
Mahabalipuram,8,12,Standard,Monsoon,104197.2
Puri,6,11,Budget,Winter,68562.42
Mount Abu,8,1,Luxury,Autumn,21233.37
Lonavala,4,12,Luxury,Summer,159014.1
Port Blair,2,7,Budget,Winter,34818.88
Madurai,3,4,Standard,Summer,17180.77
Tawang,2,5,Budget,Winter,21847.0
Nainital,1,8,Budget,Spring,17129.52
Araku Valley,4,11,Budget,Summer,49105.71
Dalhousie,4,11,Luxury,Autumn,121183.22
Thekkady,3,2,Standard,Summer,15866.78
Hampi,7,2,Standard,Summer,19162.56
Tawang,6,7,Luxury,Summer,158286.66
Hampi,4,1,Standard,Summer,5920.82
Cherrapunji,3,10,Standard,Autumn,64987.74
Cherrapunji,4,1,Luxury,Winter,15573.17
Rishikesh,6,6,Luxury,Summer,69673.29
Jaisalmer,8,8,Standard,Spring,120483.97
Kodaikanal,3,3,Standard,Autumn,17146.31
Pushkar,8,4,Luxury,Summer,55982.32
Haridwar,2,13,Luxury,Summer,46903.91
Khajuraho,1,7,Luxury,Winter,36049.27
Pondicherry,7,1,Standard,Monsoon,10098.21
Visakhapatnam,4,4,Budget,Autumn,20142.84
Lucknow,2,3,Budget,Summer,10884.81
Lonavala,8,13,Standard,Autumn,170533.12
Lonavala,7,2,Luxury,Summer,44528.44
Rann of Kutch,2,13,Budget,Autumn,84842.32
Bengaluru,5,1,Luxury,Autumn,22220.88
Rann of Kutch,6,8,Budget,Winter,160097.57
Pondicherry,7,9,Luxury,Monsoon,144855.5
Ranthambore,2,4,Standard,Summer,39160.28
Pelling,5,5,Standard,Summer,52625.64
Shimla,2,2,Luxury,Summer,18123.28
Konark,5,13,Budget,Spring,75735.4
Mysore,2,5,Budget,Summer,16675.06
Pachmarhi,7,2,Standard,Autumn,18176.72
Agra,6,13,Budget,Summer,139059.11
Orchha,7,7,Budget,Spring,42703.2
Jodhpur,4,8,Budget,Spring,45414.78
Dalhousie,3,8,Budget,Monsoon,26534.34
Munnar,3,1,Budget,Summer,5866.13
Manali,5,10,Luxury,Summer,181210.98
Ziro,6,1,Luxury,Spring,10152.21
Mumbai,5,12,Luxury,Summer,418521.11
Puri,1,11,Budget,Winter,17103.39
Gir National Park,3,10,Standard,Spring,105229.78
Lucknow,2,11,Budget,Autumn,33263.55
Bengaluru,1,6,Standard,Winter,28313.67
Havelock Island,8,3,Standard,Autumn,98752.63
Araku Valley,3,6,Standard,Summer,28267.45
Gokarna,4,11,Standard,Winter,57498.25
Ooty,3,7,Luxury,Summer,82663.82
Lonavala,5,7,Budget,Winter,56463.88
Kaziranga,6,2,Luxury,Monsoon,47554.71
Gangtok,7,11,Budget,Spring,120763.72
Nainital,7,6,Budget,Winter,68568.79
Gulmarg,4,8,Standard,Monsoon,103040.36
Orchha,6,7,Standard,Winter,61006.46
Srinagar,2,3,Budget,Spring,13021.36
Majuli,5,7,Luxury,Spring,58025.71
Mahabaleshwar,1,14,Standard,Spring,39562.56
Tirupati,8,11,Luxury,Autumn,266737.64
Darjeeling,2,10,Standard,Summer,60371.97
Rann of Kutch,3,3,Luxury,Autumn,56371.88
Madurai,4,3,Standard,Monsoon,10106.15
Jaipur,7,12,Standard,Winter,210771.97
Gangtok,2,13,Standard,Winter,81827.88
Mahabaleshwar,7,8,Luxury,Spring,159727.0
Kovalam,1,1,Budget,Monsoon,2332.64
Kodaikanal,4,13,Budget,Summer,79752.15
Madurai,1,7,Standard,Monsoon,8903.43
Wayanad,7,14,Luxury,Autumn,256699.72
Bengaluru,1,13,Standard,Autumn,52228.89
South Goa,6,2,Luxury,Spring,56288.93
Bengaluru,5,4,Budget,Autumn,41768.99
Pushkar,3,13,Standard,Summer,52229.56
Coorg,7,9,Budget,Winter,103414.19
Konark,5,10,Budget,Spring,57079.3
Puri,7,9,Luxury,Spring,117429.75
Pachmarhi,1,11,Standard,Winter,25992.52
Araku Valley,7,5,Standard,Summer,48115.98
Tawang,2,13,Standard,Spring,62942.98
Orchha,8,4,Budget,Spring,26835.05
Visakhapatnam,8,14,Standard,Spring,169043.34
Mahabalipuram,5,5,Luxury,Winter,73090.12
Nainital,7,10,Standard,Summer,158542.31
Leh,5,12,Standard,Summer,257341.04
Hampi,6,12,Budget,Winter,75061.64
Konark,1,13,Budget,Summer,25260.32
Mumbai,8,7,Budget,Monsoon,108901.65
Majuli,8,11,Luxury,Summer,162073.66
Port Blair,8,10,Budget,Autumn,134063.91
Mahabaleshwar,3,1,Budget,Winter,5464.38
Bengaluru,4,1,Standard,Winter,13071.88
Gir National Park,3,2,Standard,Winter,25718.93
Gulmarg,2,14,Standard,Spring,133506.63
Rameswaram,2,8,Standard,Autumn,19600.84
Ranthambore,3,6,Luxury,Autumn,107006.86
Pelling,2,2,Standard,Winter,9284.52
Mahabaleshwar,6,9,Luxury,Winter,193836.28
Araku Valley,4,14,Standard,Summer,78440.42
Ranthambore,3,13,Budget,Autumn,104223.28
Rann of Kutch,2,7,Standard,Summer,75107.38
Ranthambore,2,10,Budget,Spring,58970.71
Bhubaneswar,8,2,Budget,Spring,14527.83
Coorg,5,9,Luxury,Autumn,137592.94
Cherrapunji,8,9,Standard,Winter,158133.07
Mumbai,1,5,Budget,Summer,22530.04
Nainital,6,11,Standard,Spring,125570.02
Kanyakumari,8,1,Luxury,Winter,17329.39
Pune,4,2,Luxury,Winter,25944.11
Kovalam,7,6,Standard,Winter,129955.95
Pachmarhi,3,13,Luxury,Monsoon,75279.11
Kolkata,7,12,Standard,Summer,171351.63
Mussoorie,6,14,Budget,Spring,124389.0
Bengaluru,4,11,Luxury,Autumn,186846.31
Dalhousie,3,4,Standard,Spring,21761.96
Wayanad,5,11,Luxury,Autumn,150407.14
Port Blair,8,13,Standard,Winter,281446.89
Ooty,2,12,Luxury,Monsoon,67962.98
Mumbai,2,5,Standard,Autumn,39940.47
Shillong,1,9,Standard,Autumn,25527.23
Tawang,6,13,Luxury,Winter,297386.9
Madurai,4,8,Luxury,Autumn,54762.6
Cherrapunji,1,5,Luxury,Monsoon,19622.01
Kovalam,6,3,Budget,Monsoon,29802.39
Kanyakumari,7,14,Luxury,Spring,178859.52
Munnar,6,6,Budget,Spring,55707.77
Varkala,8,6,Budget,Monsoon,32136.48
Bhubaneswar,4,6,Budget,Summer,29332.37
Manali,5,7,Budget,Autumn,51747.4
Majuli,6,1,Luxury,Spring,9945.46
Kolkata,1,10,Luxury,Summer,50777.52
Pelling,3,11,Budget,Autumn,44753.14
Udaipur,7,3,Budget,Spring,49789.66
Mahabaleshwar,5,4,Luxury,Summer,74329.01
Gulmarg,7,7,Luxury,Autumn,307615.81
Jodhpur,5,9,Luxury,Monsoon,112362.7
Konark,7,2,Luxury,Summer,38276.41
Auli,7,8,Budget,Monsoon,109566.16
Khajuraho,3,4,Budget,Winter,22816.23
Mount Abu,1,14,Budget,Spring,27073.51
Agra,3,9,Budget,Winter,54148.04
Tawang,3,9,Budget,Summer,53291.63
Tirupati,1,5,Luxury,Monsoon,18779.61
Lucknow,6,9,Standard,Winter,107753.04
Srinagar,2,10,Budget,Winter,51396.04
Alleppey,8,12,Standard,Autumn,193048.77
Havelock Island,2,2,Luxury,Winter,39138.71
Havelock Island,7,12,Standard,Autumn,341535.8
Ziro,1,1,Standard,Summer,1920.6
Puri,7,4,Budget,Spring,24626.01
Udaipur,1,10,Luxury,Spring,80644.55
Port Blair,8,4,Budget,Summer,62902.03
Alleppey,7,6,Budget,Spring,64558.21
Kumarakom,4,14,Luxury,Winter,358586.79
Dharamshala,1,10,Standard,Winter,21178.6
Ooty,6,12,Budget,Monsoon,78590.21
Varkala,8,5,Luxury,Summer,85745.81
Lucknow,5,13,Standard,Monsoon,90070.0
Jodhpur,1,6,Budget,Winter,14347.81
Pondicherry,2,2,Standard,Winter,10896.38
Agra,2,4,Budget,Monsoon,11791.59
Udaipur,8,8,Standard,Autumn,191139.95
Mumbai,6,5,Standard,Monsoon,79218.11
Udaipur,4,6,Budget,Autumn,58043.6
Kochi,8,9,Luxury,Autumn,187689.24
Gangtok,6,11,Standard,Spring,142169.84
Madurai,3,12,Luxury,Autumn,67220.18
Khajuraho,5,10,Standard,Winter,117617.32
Jaisalmer,4,4,Budget,Autumn,23581.43
Visakhapatnam,1,10,Luxury,Monsoon,30892.63
Kovalam,2,6,Luxury,Monsoon,50463.26
Pushkar,1,6,Budget,Monsoon,5282.9
Kochi,6,8,Standard,Monsoon,66723.38
Gangtok,7,10,Standard,Summer,170850.14
Lonavala,2,4,Luxury,Winter,30994.15
Lucknow,8,13,Standard,Summer,199599.11
Pelling,4,1,Luxury,Monsoon,8986.06
Alleppey,7,9,Standard,Autumn,128563.46
Khajuraho,1,13,Standard,Spring,35857.52
Munnar,2,8,Luxury,Summer,72856.79
Port Blair,7,11,Budget,Monsoon,103794.12
Kalimpong,2,14,Budget,Winter,36351.15
Gwalior,6,5,Standard,Monsoon,34470.55
Ooty,1,10,Budget,Summer,25090.29
Rishikesh,3,10,Standard,Summer,39904.35
Mysore,7,8,Standard,Autumn,83594.18
Araku Valley,6,1,Standard,Autumn,7146.73
Gangtok,5,6,Luxury,Monsoon,85465.32
Alleppey,5,10,Standard,Spring,106612.64
North Goa,8,2,Luxury,Winter,68574.7
Mahabaleshwar,4,5,Budget,Summer,33890.42
Konark,6,1,Budget,Winter,8126.45
Pelling,8,1,Budget,Summer,11274.82
Haridwar,8,5,Standard,Summer,36131.91
Pahalgam,3,1,Luxury,Autumn,10441.91
Thekkady,1,2,Budget,Spring,4420.23
Kovalam,4,12,Standard,Monsoon,100670.38
Madurai,2,9,Budget,Winter,20655.58
South Goa,7,11,Standard,Autumn,217572.07
Puri,8,6,Standard,Winter,65611.86
Jaisalmer,1,14,Budget,Monsoon,25159.73
Gwalior,2,6,Budget,Winter,18882.42
Lonavala,3,9,Budget,Monsoon,30754.2
Kumarakom,6,13,Budget,Winter,234137.76
Darjeeling,7,6,Luxury,Summer,151917.49
Rann of Kutch,3,14,Budget,Autumn,127805.85
Bengaluru,1,14,Luxury,Spring,89849.98
Orchha,4,9,Luxury,Winter,84913.21
Shillong,4,8,Budget,Spring,44607.27
Madurai,2,5,Budget,Autumn,10118.98
Majuli,2,11,Standard,Spring,26278.21
Havelock Island,6,11,Standard,Autumn,272070.01
Ranthambore,1,7,Luxury,Autumn,56766.26
Darjeeling,6,8,Standard,Autumn,99521.67
Rann of Kutch,6,1,Luxury,Summer,42745.53
Dharamshala,8,13,Standard,Spring,118820.16
Shimla,1,11,Budget,Winter,30053.14
Haridwar,6,7,Standard,Autumn,33872.7
Pahalgam,8,10,Luxury,Summer,303099.69
Jaisalmer,2,7,Luxury,Autumn,54535.22
Agra,2,4,Luxury,Spring,30385.04
Kolkata,1,13,Standard,Autumn,34159.28
Kochi,4,5,Luxury,Summer,65932.58
Kolkata,7,10,Standard,Winter,138717.12
Shillong,4,11,Budget,Monsoon,49359.74
Kolkata,3,5,Budget,Summer,25403.6
Leh,6,1,Standard,Monsoon,17463.94
South Goa,8,6,Luxury,Autumn,213199.82
Madurai,2,5,Budget,Winter,11637.3
Gokarna,3,8,Budget,Autumn,20532.49
Ranthambore,1,14,Standard,Summer,83189.67
Pelling,6,11,Budget,Autumn,82653.46
Kochi,7,6,Budget,Summer,63309.49
Pune,6,5,Luxury,Summer,95285.11
Varkala,8,10,Standard,Summer,109520.8
Pahalgam,2,11,Standard,Summer,63136.8
Auli,2,1,Budget,Autumn,5652.06
Kolkata,4,13,Luxury,Autumn,148345.98
Pushkar,5,8,Luxury,Summer,77618.51
Tirupati,4,1,Budget,Spring,6133.8
Tirupati,2,6,Standard,Winter,34564.51
Srinagar,7,4,Standard,Winter,73617.64
Jodhpur,5,5,Luxury,Winter,94562.9
Tawang,2,4,Budget,Winter,17049.03
Mussoorie,3,10,Standard,Autumn,67428.07
Pahalgam,1,2,Standard,Summer,7009.79
Agra,1,3,Luxury,Monsoon,11697.73
South Goa,7,5,Standard,Autumn,98745.76
Gulmarg,6,3,Standard,Summer,85662.65
Araku Valley,4,1,Budget,Spring,3683.7
Kochi,2,2,Budget,Autumn,6347.1
Gwalior,4,13,Standard,Winter,89982.49
Lonavala,5,7,Luxury,Summer,125382.9
Gokarna,6,12,Standard,Monsoon,61606.17
South Goa,8,10,Standard,Spring,227245.72
Madurai,4,11,Budget,Monsoon,28565.76
Kanyakumari,8,8,Standard,Autumn,70507.63
South Goa,4,1,Standard,Summer,14725.39
Pushkar,2,1,Budget,Monsoon,1461.71
Darjeeling,8,13,Luxury,Winter,366924.68
South Goa,5,2,Budget,Summer,28644.16
Dharamshala,3,14,Budget,Summer,49798.25
Jodhpur,5,4,Budget,Autumn,30123.34
Puri,1,11,Budget,Autumn,14925.07
South Goa,6,9,Standard,Spring,160545.23
Mussoorie,2,9,Standard,Autumn,43134.84
Jaisalmer,2,8,Standard,Monsoon,31739.25
Tirupati,3,14,Luxury,Winter,175446.24
Darjeeling,1,10,Budget,Summer,27082.98
Kalimpong,5,5,Standard,Summer,36721.32
Port Blair,2,4,Standard,Autumn,22431.06
Madurai,8,13,Luxury,Summer,202985.53
Chennai,6,11,Luxury,Autumn,172235.22
Tirupati,6,1,Budget,Summer,10735.88
North Goa,7,13,Standard,Monsoon,167649.38
Mysore,2,10,Luxury,Summer,77150.46
Kolkata,6,13,Luxury,Winter,262717.06
Rann of Kutch,1,11,Standard,Summer,74932.53
Ranthambore,4,3,Luxury,Summer,78488.7
Chennai,3,11,Budget,Winter,51972.55
South Goa,5,5,Standard,Monsoon,63609.66
Jaipur,4,8,Luxury,Spring,109809.74
Mussoorie,5,5,Standard,Spring,52484.29
Munnar,2,6,Luxury,Autumn,46486.15
Bhubaneswar,5,13,Budget,Monsoon,53724.01
Thekkady,3,12,Budget,Autumn,61403.4
Kochi,4,11,Standard,Spring,76235.56
Rann of Kutch,1,8,Standard,Winter,53046.09
Cherrapunji,4,3,Standard,Spring,23951.02
Gangtok,7,10,Luxury,Winter,269992.42
Majuli,2,2,Budget,Spring,3625.55
Mussoorie,1,4,Luxury,Spring,20240.05
Munnar,1,6,Budget,Winter,16461.75
Araku Valley,4,2,Luxury,Autumn,16028.0
Pelling,1,7,Standard,Monsoon,13782.13
Pelling,7,13,Luxury,Autumn,231963.82
Manali,3,10,Luxury,Winter,120100.49
Pondicherry,3,14,Budget,Autumn,64919.4
Pachmarhi,4,12,Luxury,Monsoon,83946.65
Munnar,5,6,Budget,Autumn,48504.6
Kaziranga,4,1,Standard,Monsoon,10149.47
Varkala,3,9,Standard,Summer,42106.78
Jodhpur,5,8,Budget,Winter,69331.23
Alleppey,5,12,Budget,Spring,100885.24
Gwalior,2,3,Budget,Summer,9189.85
Kaziranga,1,2,Budget,Autumn,6992.03
Ooty,3,13,Luxury,Winter,157594.28
Jaisalmer,7,2,Luxury,Winter,53017.3
Coorg,5,11,Budget,Spring,81143.65
Pachmarhi,2,4,Luxury,Spring,20493.38
Alleppey,3,1,Budget,Summer,6267.94
Tawang,2,3,Budget,Monsoon,8707.68
Kochi,8,6,Standard,Autumn,76751.6
Mysore,6,9,Standard,Summer,105077.89
Bengaluru,2,2,Luxury,Autumn,20274.95
Gangtok,1,12,Standard,Spring,37429.43
Dharamshala,8,2,Luxury,Summer,33612.67
Kodaikanal,1,3,Standard,Autumn,7618.72
Leh,4,9,Standard,Winter,165454.8
Rishikesh,1,10,Luxury,Autumn,23758.16
Pushkar,8,5,Standard,Summer,45504.59
Gwalior,3,7,Budget,Monsoon,20517.76
Mussoorie,7,12,Budget,Spring,123419.74
Coorg,1,10,Luxury,Monsoon,36434.46
Rameswaram,3,1,Budget,Summer,2932.48
Alleppey,8,11,Standard,Monsoon,139021.97
Srinagar,8,1,Budget,Autumn,13138.79
Orchha,5,7,Luxury,Autumn,73053.62
Haridwar,4,6,Luxury,Monsoon,24353.56
Mysore,1,3,Standard,Monsoon,5671.39
Jaipur,5,4,Luxury,Autumn,72030.03
Shimla,7,1,Luxury,Autumn,20820.93
Khajuraho,8,7,Standard,Summer,120171.03
Chennai,1,1,Budget,Spring,1822.58
Gulmarg,3,4,Luxury,Winter,103629.99
Gokarna,6,3,Luxury,Winter,37451.49
Khajuraho,7,4,Budget,Spring,37214.46
Manali,5,7,Standard,Autumn,69848.82
Kumarakom,3,14,Luxury,Winter,294594.69
Madurai,5,7,Budget,Summer,35080.96
Darjeeling,5,5,Luxury,Monsoon,67129.79
Gwalior,8,8,Standard,Autumn,87575.08
Darjeeling,5,8,Luxury,Summer,166011.25
Mahabaleshwar,5,6,Luxury,Winter,114102.63
Pahalgam,4,3,Luxury,Summer,46720.73
Pachmarhi,2,14,Standard,Monsoon,34444.14
Wayanad,5,4,Standard,Monsoon,28547.94
Gulmarg,6,9,Budget,Autumn,163737.03
Havelock Island,6,2,Luxury,Winter,94944.77
Agra,2,10,Luxury,Monsoon,62608.95
Varkala,6,3,Standard,Autumn,20846.18
Majuli,8,13,Luxury,Monsoon,128090.22
Ziro,6,5,Luxury,Winter,59771.07
Nainital,4,11,Luxury,Summer,167633.27
Orchha,4,3,Budget,Autumn,10920.42
Alleppey,1,3,Luxury,Summer,18557.36
Ziro,7,12,Budget,Spring,63971.14
Srinagar,6,3,Budget,Summer,38447.41
Visakhapatnam,4,4,Standard,Monsoon,21423.05
Agra,8,5,Budget,Winter,64695.89
Jaisalmer,2,4,Luxury,Winter,36690.54
Rann of Kutch,1,2,Standard,Winter,13439.71
Shillong,4,2,Luxury,Winter,29324.43
Udaipur,5,10,Budget,Monsoon,100058.71
Mysore,8,9,Luxury,Summer,205451.66
Araku Valley,8,10,Standard,Autumn,93777.72
Shimla,3,10,Budget,Monsoon,38502.76
Varkala,5,10,Standard,Summer,76717.89
Jaipur,8,9,Luxury,Spring,227601.77
Mumbai,2,7,Luxury,Summer,111179.05
Thekkady,2,14,Standard,Monsoon,53720.95
Mahabalipuram,6,1,Standard,Spring,8971.23
Ranthambore,1,6,Standard,Autumn,29445.47
Rishikesh,1,7,Budget,Autumn,7987.08
Kochi,1,2,Standard,Autumn,5148.09
Tawang,4,5,Standard,Autumn,41261.07
Varanasi,2,11,Standard,Autumn,27293.82
Majuli,2,3,Standard,Summer,8529.81
Gangtok,7,11,Luxury,Summer,306227.39
Cherrapunji,2,3,Budget,Spring,10681.07
Gir National Park,4,2,Standard,Monsoon,20947.38
Jodhpur,5,11,Luxury,Winter,214427.47
Alleppey,7,14,Standard,Monsoon,161055.24
Tawang,5,3,Luxury,Summer,61091.26
Ranthambore,7,7,Budget,Summer,143246.42
Dalhousie,3,1,Luxury,Autumn,8681.94
Haridwar,8,1,Luxury,Summer,11252.48
Majuli,4,10,Standard,Spring,40832.55
Tawang,1,10,Standard,Autumn,29539.61
Pune,8,8,Luxury,Monsoon,124495.14
Auli,5,10,Standard,Summer,209415.07
Puri,7,1,Budget,Winter,7320.18
Dharamshala,8,8,Budget,Autumn,54269.63
Haridwar,8,1,Standard,Monsoon,4690.97
Mahabalipuram,2,13,Budget,Winter,40331.87
Dharamshala,3,13,Luxury,Summer,99424.74
Cherrapunji,7,11,Standard,Monsoon,115952.38
Shimla,7,4,Budget,Summer,47895.31
North Goa,3,5,Standard,Autumn,38247.77
Tawang,6,4,Standard,Monsoon,39165.9
Khajuraho,5,2,Standard,Autumn,20063.3
Pahalgam,5,5,Budget,Monsoon,32171.19
Kodaikanal,8,1,Luxury,Summer,24831.18
Dalhousie,8,5,Standard,Monsoon,48776.78
Wayanad,7,9,Standard,Winter,124961.85
Rann of Kutch,5,7,Standard,Autumn,139310.87
Gangtok,1,1,Budget,Summer,2888.31
Hampi,8,13,Budget,Monsoon,71457.32
Rishikesh,4,13,Budget,Winter,45735.65
Mahabalipuram,4,13,Luxury,Autumn,124982.56
Kodaikanal,2,6,Standard,Summer,30227.58
Kanyakumari,2,7,Budget,Autumn,14963.78
Lonavala,3,3,Luxury,Winter,32272.93
Orchha,2,13,Standard,Monsoon,29005.85
Kalimpong,3,9,Standard,Spring,35057.01
Ziro,4,11,Luxury,Summer,89450.42
Bengaluru,5,14,Luxury,Autumn,317702.69
Khajuraho,5,12,Luxury,Autumn,187020.18
Thekkady,7,13,Luxury,Summer,346031.64
Pelling,3,10,Budget,Monsoon,33407.94
Hampi,5,12,Standard,Monsoon,60944.72
Port Blair,8,10,Budget,Spring,130035.71
Chennai,5,5,Standard,Monsoon,34281.92
Puri,1,8,Standard,Autumn,14859.12
Gokarna,4,9,Budget,Monsoon,23376.31
Konark,4,13,Luxury,Summer,149786.68
Mahabaleshwar,2,2,Luxury,Monsoon,11824.48
Khajuraho,7,3,Luxury,Winter,73820.95
Haridwar,6,1,Luxury,Spring,7413.87
Varanasi,4,12,Budget,Summer,47213.05
Shimla,3,8,Luxury,Spring,84414.5
Mussoorie,4,11,Standard,Monsoon,72482.86
Tirupati,6,5,Standard,Autumn,59259.95
Jaipur,5,7,Standard,Autumn,78495.69
Gokarna,1,11,Luxury,Spring,27246.23
Alleppey,7,3,Luxury,Spring,67849.63
Chennai,8,3,Budget,Spring,26729.88
Jaipur,8,12,Standard,Monsoon,151427.45
Manali,8,13,Budget,Autumn,138861.2
Darjeeling,5,11,Budget,Spring,86080.28
Tawang,5,11,Budget,Summer,100632.82
Pachmarhi,5,10,Standard,Summer,85858.47
Jaipur,8,1,Standard,Summer,19277.07
Kalimpong,1,13,Luxury,Summer,45330.59
Jodhpur,5,8,Luxury,Autumn,124450.83
Kodaikanal,6,1,Luxury,Monsoon,13554.04
Shimla,1,7,Standard,Spring,20344.57
Mount Abu,8,13,Luxury,Autumn,271787.7
Alleppey,6,13,Budget,Autumn,129825.19
Mussoorie,7,8,Budget,Monsoon,64452.29
Mysore,5,4,Budget,Autumn,25287.97
Gwalior,4,1,Standard,Spring,5811.16
Konark,3,9,Luxury,Winter,83265.78
Cherrapunji,5,6,Budget,Autumn,47524.48
Kochi,3,2,Luxury,Winter,21926.69
Ooty,4,5,Budget,Summer,32847.37
Udaipur,5,5,Luxury,Spring,134074.67
Tawang,5,7,Budget,Winter,68691.42
Leh,7,5,Budget,Summer,111106.15
Udaipur,3,5,Budget,Monsoon,31813.04
Alleppey,5,12,Standard,Spring,138323.55
Kumarakom,2,4,Budget,Spring,24496.37
Dharamshala,6,4,Luxury,Spring,46625.62
Rameswaram,5,13,Luxury,Summer,126539.59
Udaipur,7,10,Luxury,Autumn,334683.42
Kumarakom,7,4,Budget,Autumn,68891.38
Madurai,5,7,Standard,Spring,39708.66
Tirupati,3,5,Luxury,Summer,63265.64
Leh,6,2,Luxury,Winter,85496.7
Agra,3,6,Budget,Winter,34729.26
Mumbai,2,10,Luxury,Monsoon,104423.48
Port Blair,8,4,Luxury,Summer,133434.61
Hampi,1,9,Budget,Monsoon,9778.74
Mumbai,6,3,Luxury,Autumn,96570.68
Bengaluru,1,1,Budget,Summer,3720.04
Pahalgam,5,10,Luxury,Winter,201470.78
Puri,7,6,Luxury,Summer,93374.57
Gangtok,2,9,Budget,Autumn,35741.57
Ranthambore,6,14,Standard,Spring,269782.59
Orchha,5,11,Luxury,Autumn,111399.41
Pushkar,4,4,Standard,Autumn,16212.86
Kaziranga,7,10,Luxury,Winter,376195.04
Kolkata,2,3,Luxury,Monsoon,15751.45
Khajuraho,8,13,Budget,Spring,137216.7
Bengaluru,1,7,Standard,Spring,27045.55
Agra,4,11,Luxury,Winter,172583.12
Hampi,5,9,Luxury,Winter,105742.37
Jodhpur,5,10,Standard,Monsoon,79154.22
Munnar,4,3,Standard,Winter,28561.06
Alleppey,7,4,Standard,Monsoon,45920.71
Gir National Park,4,3,Budget,Spring,28905.86
Ranthambore,7,5,Budget,Autumn,87080.45
Leh,6,6,Luxury,Autumn,207376.5
Ooty,1,2,Standard,Summer,7048.1
Kolkata,4,7,Luxury,Summer,95173.65
Nainital,8,6,Standard,Summer,107054.45
Puri,6,6,Luxury,Autumn,70168.95
Kaziranga,2,2,Budget,Monsoon,8974.08
Bengaluru,4,9,Budget,Autumn,73274.34
Gulmarg,1,12,Standard,Spring,72588.4
Kovalam,8,4,Standard,Spring,81760.1
Rishikesh,3,13,Standard,Spring,43060.44
Mumbai,1,2,Luxury,Autumn,15985.83
Coorg,6,7,Standard,Winter,96645.06
Tirupati,1,3,Luxury,Monsoon,11661.54
Gulmarg,5,12,Standard,Summer,299911.3
Ziro,6,9,Luxury,Autumn,93157.99
Mahabaleshwar,7,12,Budget,Spring,114358.08
Srinagar,5,5,Budget,Summer,54611.03
Jaisalmer,7,5,Luxury,Monsoon,82754.2
Shimla,8,5,Standard,Autumn,77008.99
Port Blair,8,14,Standard,Spring,250375.19
Orchha,5,5,Budget,Monsoon,18702.29
Alleppey,7,8,Budget,Winter,102831.02
Shillong,8,5,Budget,Winter,63290.63
Varkala,8,4,Standard,Spring,35222.46
Rameswaram,6,8,Luxury,Winter,92196.08
Havelock Island,4,8,Standard,Autumn,136990.64
Kanyakumari,8,7,Luxury,Monsoon,80764.63
Rameswaram,1,1,Budget,Spring,1115.61
Ooty,8,13,Standard,Winter,210009.37
Rann of Kutch,5,13,Standard,Summer,296322.82
Gangtok,6,11,Standard,Winter,169385.77
Puri,5,7,Budget,Autumn,33139.0
Hampi,6,4,Budget,Summer,25612.37
Bhubaneswar,2,4,Budget,Monsoon,7718.04
North Goa,2,5,Budget,Summer,25203.05
Auli,1,7,Budget,Spring,26314.43
Bengaluru,7,3,Standard,Summer,64780.95
Pondicherry,2,11,Standard,Spring,50817.79
Pune,2,7,Luxury,Autumn,41329.31
Alleppey,5,2,Luxury,Monsoon,28000.87
Alleppey,6,13,Budget,Autumn,125307.77
South Goa,6,1,Luxury,Spring,29441.24
Udaipur,8,4,Standard,Winter,117363.82
Gangtok,7,12,Budget,Summer,149256.93
Gulmarg,6,13,Luxury,Spring,502328.7
Thekkady,8,3,Luxury,Autumn,73253.45
Orchha,2,2,Luxury,Winter,11520.46
Majuli,1,12,Budget,Monsoon,10896.55
Gokarna,1,11,Standard,Summer,21538.58
Lucknow,4,14,Luxury,Spring,156086.14
Shimla,8,6,Standard,Spring,88986.71
Kodaikanal,5,8,Budget,Winter,65071.02
Kodaikanal,7,13,Luxury,Autumn,239896.93
Auli,2,12,Budget,Autumn,72741.65
Gokarna,5,5,Standard,Winter,33164.05
Manali,2,2,Luxury,Spring,14483.25
Kumarakom,1,9,Budget,Summer,39573.94
Mussoorie,8,7,Standard,Monsoon,87227.07
Udaipur,6,1,Standard,Autumn,19404.6
Mount Abu,1,1,Standard,Autumn,2528.65
Port Blair,8,9,Standard,Monsoon,128973.45
Lonavala,4,12,Luxury,Monsoon,104566.96
Kochi,4,13,Luxury,Spring,147578.29
Jodhpur,5,12,Budget,Autumn,91321.11
Hampi,1,6,Budget,Summer,9758.78
Mount Abu,3,9,Budget,Summer,45518.89
Pelling,1,3,Budget,Autumn,5466.7
Gwalior,3,6,Standard,Summer,33737.78
Nainital,3,3,Luxury,Spring,31087.87
Visakhapatnam,3,4,Standard,Monsoon,17985.98
Gokarna,7,14,Budget,Winter,87067.61
Varkala,2,10,Standard,Monsoon,22961.13
Thekkady,1,6,Standard,Autumn,18449.06
Haridwar,1,10,Standard,Autumn,11885.32
Orchha,6,5,Standard,Winter,43161.46
Dalhousie,8,10,Luxury,Monsoon,159762.09
Udaipur,5,1,Standard,Monsoon,13390.39
Ooty,8,5,Luxury,Spring,110293.72
Araku Valley,6,2,Budget,Spring,10921.11
Alleppey,1,11,Luxury,Winter,67730.01
Madurai,3,6,Luxury,Winter,39140.61
Wayanad,7,12,Luxury,Summer,256068.97
Kanyakumari,3,2,Budget,Winter,6970.97
Manali,5,9,Standard,Autumn,87524.18
Agra,2,6,Luxury,Autumn,45988.09
Kaziranga,3,9,Luxury,Spring,142929.94
Ooty,7,10,Standard,Winter,155895.27
Khajuraho,5,1,Budget,Autumn,7094.28
Thekkady,4,13,Luxury,Monsoon,134645.49
Konark,8,11,Standard,Spring,126052.35
Kanyakumari,6,1,Budget,Monsoon,4283.17
Nainital,2,11,Luxury,Spring,82039.66
Kaziranga,6,7,Standard,Spring,121874.13
Madurai,7,10,Standard,Autumn,72786.09
Gir National Park,2,10,Budget,Winter,68879.0
Agra,6,8,Luxury,Summer,182102.62
Hampi,4,10,Budget,Spring,36846.49
Kanyakumari,3,12,Budget,Winter,42207.18
Bengaluru,1,2,Standard,Winter,9399.45
Ranthambore,8,14,Budget,Spring,253066.85
Havelock Island,5,1,Budget,Spring,17053.01
Dharamshala,5,14,Standard,Monsoon,72494.98
Bengaluru,7,10,Luxury,Autumn,297492.5
Wayanad,1,3,Budget,Summer,6795.4
Hampi,6,9,Luxury,Autumn,102151.7
Tirupati,5,9,Budget,Summer,84853.46
Ziro,2,4,Budget,Monsoon,6299.96
Haridwar,4,14,Luxury,Summer,88811.97
Mysore,8,14,Standard,Monsoon,133788.37
Kolkata,6,14,Luxury,Monsoon,189475.27
South Goa,8,13,Luxury,Monsoon,375667.31
North Goa,8,11,Standard,Monsoon,156688.63
Gangtok,6,4,Luxury,Monsoon,68716.06
Madurai,3,12,Standard,Spring,41784.74
Pahalgam,4,3,Luxury,Monsoon,30888.63
Mahabalipuram,3,8,Standard,Spring,38713.06
Agra,8,12,Standard,Autumn,176589.26
Coorg,4,6,Budget,Winter,39730.92
Bengaluru,6,5,Budget,Monsoon,47785.1
Kaziranga,7,12,Luxury,Spring,393630.55
Gokarna,3,3,Budget,Spring,7829.13
Udaipur,3,11,Standard,Summer,139275.25
Manali,8,5,Standard,Winter,83842.65
Orchha,5,8,Luxury,Autumn,78486.94
Mysore,8,6,Budget,Spring,54939.01
Gokarna,8,5,Standard,Summer,49173.31
Gangtok,7,10,Standard,Autumn,148626.93
Auli,7,14,Standard,Summer,382680.37
Pelling,5,5,Standard,Monsoon,35062.85
Wayanad,4,12,Budget,Spring,59930.72
Havelock Island,5,8,Standard,Winter,221953.69
Bhubaneswar,6,12,Budget,Monsoon,56625.79
Rishikesh,1,1,Standard,Spring,1461.5
Khajuraho,3,5,Luxury,Summer,58956.15
Varkala,3,2,Standard,Winter,9593.73
Manali,3,2,Luxury,Summer,23103.1
South Goa,3,11,Budget,Summer,95048.28
Manali,8,13,Budget,Winter,160393.59
Gangtok,3,13,Budget,Summer,84510.17
Pahalgam,8,10,Luxury,Monsoon,194198.19
Kumarakom,8,6,Luxury,Monsoon,193524.66
Kalimpong,2,1,Budget,Winter,2727.55
Varanasi,2,8,Budget,Winter,18580.3
Gwalior,3,7,Budget,Autumn,25095.1
Thekkady,6,2,Budget,Winter,21219.27
Wayanad,8,7,Standard,Autumn,87432.79
Haridwar,3,11,Standard,Monsoon,23943.59
Ziro,3,1,Luxury,Summer,6504.96
Pondicherry,7,4,Luxury,Autumn,82543.09
Nainital,7,2,Budget,Autumn,20216.39
Pelling,8,11,Standard,Summer,166969.63
Gwalior,1,6,Luxury,Monsoon,16512.74
Mumbai,7,1,Standard,Summer,27555.76
Agra,5,4,Luxury,Spring,67819.95
Kovalam,7,10,Budget,Autumn,132504.24
Auli,2,3,Standard,Autumn,23270.88
Auli,1,14,Budget,Spring,53984.23
Cherrapunji,4,5,Standard,Spring,40824.67
Madurai,1,9,Luxury,Summer,27873.61
Kanyakumari,5,6,Standard,Winter,45038.94
Auli,1,12,Standard,Winter,72253.59
Kumarakom,4,14,Budget,Spring,140796.89
Jodhpur,8,11,Budget,Spring,116887.13
Nainital,7,9,Budget,Monsoon,68727.31
Agra,1,4,Standard,Spring,12305.87
Mussoorie,3,14,Budget,Spring,70400.09
Jodhpur,5,6,Standard,Summer,69833.1
Kaziranga,3,6,Budget,Monsoon,35494.71
Alleppey,8,3,Standard,Summer,56815.52
Wayanad,6,3,Luxury,Summer,60215.61
Mount Abu,7,8,Budget,Autumn,70275.58
Shimla,3,12,Standard,Autumn,77039.75
Ooty,5,6,Budget,Monsoon,35558.15
Darjeeling,4,14,Budget,Autumn,83933.35
Madurai,8,13,Luxury,Winter,200203.38
Majuli,4,11,Standard,Autumn,44762.47
Tawang,2,4,Budget,Spring,14914.05
Alleppey,8,7,Luxury,Autumn,177173.44
Rameswaram,2,12,Budget,Summer,24791.47
Pelling,7,2,Standard,Spring,22957.17
Wayanad,3,1,Luxury,Summer,10474.81
Mussoorie,8,7,Luxury,Autumn,166222.57
Rameswaram,2,14,Luxury,Autumn,52603.37
Kodaikanal,7,3,Budget,Monsoon,20525.96
Bhubaneswar,5,5,Budget,Winter,30818.78
Manali,5,2,Standard,Spring,19681.69
Agra,6,14,Luxury,Spring,266287.33
South Goa,2,10,Budget,Monsoon,43856.96
Kalimpong,1,2,Luxury,Spring,5715.56
Jodhpur,6,6,Standard,Winter,79864.09
Shillong,5,14,Standard,Monsoon,108300.77
Chennai,5,11,Budget,Winter,81976.04
Gwalior,4,6,Standard,Autumn,35547.26
Gir National Park,8,2,Standard,Winter,55884.06
Mahabaleshwar,5,10,Standard,Winter,116076.27
Auli,1,12,Luxury,Autumn,95892.53
Chennai,7,5,Standard,Spring,52317.41
Kochi,2,4,Luxury,Winter,31883.07
Mumbai,3,7,Luxury,Summer,151206.33
Hampi,5,1,Standard,Winter,7432.01
Agra,7,14,Luxury,Summer,367292.24
Auli,3,5,Luxury,Monsoon,71799.97
Visakhapatnam,8,13,Luxury,Autumn,261324.6
Bhubaneswar,3,2,Budget,Winter,7913.03
Thekkady,8,3,Budget,Winter,40224.19
Bhubaneswar,7,12,Standard,Winter,132444.54
Pune,5,7,Budget,Autumn,44690.44
Lucknow,8,1,Standard,Winter,15143.06
Alleppey,5,10,Luxury,Winter,216008.13
Kolkata,6,2,Budget,Summer,18397.83
Mahabalipuram,4,13,Luxury,Summer,145629.69
Kaziranga,5,6,Luxury,Monsoon,125751.43
Orchha,5,6,Standard,Spring,37921.62
Mahabaleshwar,7,11,Standard,Autumn,139206.42
Alleppey,1,3,Standard,Summer,11818.89
Coorg,3,14,Budget,Winter,76511.59
Kochi,4,8,Luxury,Monsoon,72817.26
Srinagar,7,8,Budget,Autumn,98402.0
Gwalior,6,13,Standard,Spring,114575.04
Nainital,5,8,Standard,Winter,98654.29
Shillong,2,13,Budget,Autumn,42640.15
Kochi,7,4,Budget,Monsoon,27861.2
Gir National Park,8,2,Budget,Autumn,36223.74
Pelling,6,10,Luxury,Monsoon,126775.64
Shimla,2,3,Luxury,Monsoon,18755.46
Port Blair,6,3,Luxury,Spring,68792.96
Ziro,8,10,Standard,Autumn,75436.95
Pondicherry,5,12,Standard,Spring,120320.58
Kolkata,6,4,Luxury,Winter,78824.49
Tawang,1,1,Budget,Summer,2747.68
Udaipur,3,2,Luxury,Autumn,34649.85
Mount Abu,3,7,Standard,Summer,47070.82
Ranthambore,7,7,Standard,Spring,155908.16
Bengaluru,1,12,Standard,Spring,48066.14
Mount Abu,4,9,Budget,Monsoon,38447.95
Havelock Island,1,1,Budget,Summer,5905.18
North Goa,1,13,Standard,Spring,46834.51
Gokarna,1,12,Budget,Autumn,14604.31
Port Blair,8,14,Standard,Summer,293173.55
Visakhapatnam,2,9,Luxury,Winter,68803.67
Pelling,8,4,Standard,Winter,60053.16
Havelock Island,8,11,Standard,Autumn,363198.31
Kolkata,4,10,Standard,Spring,72493.05
Gir National Park,6,5,Standard,Monsoon,73897.01
Konark,8,2,Luxury,Spring,36176.7
Konark,2,5,Standard,Autumn,17394.78
Puri,7,3,Standard,Spring,24879.21
Ziro,4,12,Budget,Autumn,38579.76
Pelling,4,2,Luxury,Summer,26446.29
Orchha,4,5,Luxury,Autumn,38968.62
Araku Valley,5,5,Budget,Summer,27900.11
Shimla,2,4,Standard,Summer,22408.38
Auli,3,8,Standard,Winter,108123.48
Pelling,6,3,Standard,Winter,35980.79
Shillong,1,11,Standard,Summer,35687.83
Hampi,7,6,Standard,Autumn,49287.65
Auli,7,10,Luxury,Autumn,353273.46
Haridwar,8,14,Standard,Monsoon,68512.25
Jodhpur,2,13,Budget,Summer,53391.85
Orchha,1,12,Budget,Autumn,16180.94
Kochi,5,12,Standard,Summer,130460.98
North Goa,3,6,Standard,Summer,54331.32
Varanasi,1,12,Luxury,Winter,38481.3
Wayanad,5,13,Budget,Summer,103698.61
Jodhpur,2,12,Luxury,Summer,107990.53
Chennai,4,4,Budget,Summer,23268.3
Mahabaleshwar,5,9,Luxury,Autumn,142555.67
Haridwar,8,13,Budget,Spring,57550.57
Darjeeling,4,2,Standard,Winter,18980.12
Orchha,7,3,Standard,Spring,24169.91
Rann of Kutch,2,10,Budget,Autumn,67837.18
Chennai,3,4,Budget,Winter,18778.39
Bhubaneswar,6,8,Budget,Autumn,50605.07
Bhubaneswar,6,13,Budget,Winter,91128.82
Coorg,5,2,Standard,Monsoon,15605.13
Visakhapatnam,4,8,Luxury,Spring,87423.74
Wayanad,8,3,Luxury,Summer,71884.99
Coorg,1,14,Standard,Autumn,39556.32
Pelling,5,5,Luxury,Spring,68922.3
Bengaluru,3,14,Luxury,Monsoon,161654.5
Wayanad,3,9,Standard,Spring,50179.84
Havelock Island,3,14,Standard,Monsoon,156255.36
Gangtok,5,6,Budget,Winter,62689.05
Orchha,8,11,Luxury,Spring,159352.77
Varanasi,5,9,Budget,Monsoon,30704.24
Puri,5,2,Budget,Winter,11512.39
Mahabaleshwar,8,13,Standard,Autumn,180909.07
Konark,6,3,Standard,Monsoon,20556.33
Coorg,4,7,Luxury,Spring,85678.89
Kochi,7,5,Budget,Spring,41928.2
Darjeeling,3,2,Budget,Autumn,10378.92
Pushkar,7,12,Budget,Winter,72099.28
Auli,4,6,Budget,Spring,60237.91
Bhubaneswar,7,3,Luxury,Monsoon,34385.58
Kalimpong,4,7,Standard,Monsoon,26867.75
Dharamshala,7,3,Budget,Winter,22461.38
Khajuraho,6,14,Standard,Summer,196060.49
Pushkar,3,4,Standard,Summer,15416.74
North Goa,4,12,Budget,Monsoon,69496.83
Varkala,7,1,Standard,Summer,9511.44
Lucknow,8,2,Budget,Summer,22087.82
Tawang,4,6,Standard,Spring,50511.47
Hampi,6,1,Budget,Autumn,5450.43
Ranthambore,7,14,Luxury,Monsoon,392145.08
Pushkar,3,6,Budget,Spring,15055.72
Gwalior,1,2,Luxury,Monsoon,5768.21
Mumbai,2,7,Budget,Spring,41979.6
Chennai,4,4,Budget,Spring,19261.31
Dharamshala,5,10,Standard,Autumn,63237.94
Rameswaram,5,13,Standard,Spring,68155.24
Ooty,6,5,Budget,Spring,43019.12
Jodhpur,1,3,Budget,Summer,7764.39
Haridwar,8,3,Standard,Monsoon,14344.03
Kovalam,7,4,Budget,Winter,60732.48
Bhubaneswar,1,3,Budget,Autumn,4487.67
Araku Valley,7,14,Luxury,Autumn,188328.7
Rann of Kutch,6,8,Standard,Monsoon,141987.83
Ooty,4,10,Budget,Spring,56656.8
Auli,5,2,Budget,Spring,26123.84
Dalhousie,8,4,Budget,Monsoon,29294.45
Thekkady,3,3,Luxury,Spring,32168.19
Kochi,8,10,Budget,Spring,98696.27
Varkala,1,7,Standard,Winter,14930.46
Tawang,5,7,Standard,Autumn,74139.36
Lucknow,3,10,Budget,Autumn,39665.43
Kanyakumari,6,8,Budget,Autumn,44952.81
Thekkady,1,13,Budget,Autumn,29063.69
Havelock Island,7,11,Luxury,Monsoon,414797.46
Pushkar,1,8,Budget,Monsoon,7392.13
Dharamshala,2,12,Budget,Spring,26561.39
Pachmarhi,4,9,Standard,Autumn,47730.2
Gwalior,1,13,Standard,Winter,34677.96
Rameswaram,2,10,Budget,Winter,21506.13
Gangtok,6,14,Standard,Monsoon,141371.86
Auli,8,7,Budget,Autumn,128968.64
Konark,6,11,Luxury,Spring,147457.9
Haridwar,6,14,Luxury,Winter,127271.9
Tirupati,5,10,Budget,Monsoon,63119.97
Kovalam,5,10,Budget,Spring,103911.43
Shillong,1,7,Standard,Spring,19283.67
Mahabaleshwar,6,14,Luxury,Monsoon,202759.72
Lonavala,3,6,Budget,Spring,26293.98
Mysore,4,1,Standard,Monsoon,5133.25
Khajuraho,6,3,Standard,Winter,41028.84
Kochi,7,12,Luxury,Autumn,220387.61
Haridwar,1,2,Budget,Autumn,1784.07
Kodaikanal,8,11,Standard,Spring,139486.88
South Goa,5,7,Standard,Autumn,109160.29
North Goa,7,9,Budget,Winter,123793.71
Kaziranga,5,10,Standard,Winter,186293.71
Mahabaleshwar,2,6,Standard,Summer,32863.75
Pelling,4,10,Budget,Winter,60349.89
Havelock Island,7,14,Standard,Spring,413191.7
Konark,4,7,Luxury,Summer,78630.98
Orchha,6,8,Standard,Spring,57469.14
Dharamshala,6,14,Luxury,Monsoon,132020.47
Gokarna,5,12,Luxury,Summer,127897.45
Shimla,7,9,Luxury,Spring,194392.89
Jaipur,5,2,Standard,Monsoon,17970.17
Haridwar,1,2,Luxury,Winter,4663.67
Agra,8,3,Standard,Autumn,44630.97
Kaziranga,8,12,Luxury,Autumn,443972.86
Agra,4,8,Standard,Winter,77740.08
Kochi,1,9,Budget,Spring,17024.0
Hampi,7,11,Standard,Spring,91985.11
Madurai,8,2,Luxury,Summer,31102.74
Konark,4,4,Budget,Winter,21658.37
Mumbai,7,10,Luxury,Spring,350487.97
Gokarna,4,3,Standard,Autumn,13024.96
Gokarna,4,13,Luxury,Monsoon,71351.16
Visakhapatnam,3,4,Budget,Summer,20212.53
Rishikesh,2,13,Standard,Monsoon,23404.17
Ooty,8,13,Standard,Monsoon,145751.4
Shimla,8,2,Standard,Monsoon,24317.6
Munnar,7,9,Budget,Winter,106232.4
Haridwar,3,7,Budget,Summer,16231.07
Darjeeling,6,13,Budget,Autumn,114682.78
Mussoorie,5,13,Standard,Autumn,135382.5
South Goa,3,7,Standard,Winter,81403.48
Alleppey,8,14,Budget,Monsoon,133891.04
Mumbai,3,3,Budget,Monsoon,19228.0
Kochi,5,7,Luxury,Monsoon,81846.54
Shillong,2,8,Standard,Autumn,35304.81
Orchha,2,2,Luxury,Spring,9296.64
Pahalgam,3,14,Luxury,Winter,182007.32
Kanyakumari,8,6,Luxury,Monsoon,68236.88
Darjeeling,1,9,Luxury,Spring,43761.54
Port Blair,5,8,Budget,Autumn,72024.0
Kalimpong,2,9,Budget,Autumn,19807.18
Port Blair,1,7,Budget,Autumn,18670.81
Mumbai,2,13,Luxury,Monsoon,138951.77
Gokarna,3,4,Budget,Winter,12630.65
Mahabaleshwar,6,5,Budget,Spring,42916.59
Gokarna,7,8,Standard,Spring,58718.02
Agra,1,1,Luxury,Winter,5685.28
Pelling,5,7,Standard,Spring,63024.3
Port Blair,2,1,Luxury,Autumn,9082.7
Lucknow,6,9,Luxury,Autumn,146344.47
Ranthambore,7,14,Luxury,Monsoon,385428.73
Ooty,4,4,Luxury,Monsoon,37264.54
Kodaikanal,7,3,Standard,Autumn,35653.26
Chennai,4,9,Budget,Autumn,43871.34
Bhubaneswar,6,10,Luxury,Winter,155788.74
Dalhousie,5,4,Standard,Monsoon,28083.32
South Goa,7,12,Budget,Winter,217950.92
Jaisalmer,5,4,Budget,Winter,37436.03
Shimla,3,4,Budget,Monsoon,15551.15
Shillong,1,9,Standard,Autumn,25420.3
Gulmarg,4,10,Budget,Winter,151144.88
Mussoorie,1,14,Budget,Winter,36799.32
Darjeeling,8,14,Luxury,Autumn,333070.74
Alleppey,3,3,Budget,Autumn,16250.51
Pelling,4,8,Standard,Summer,65325.12
Coorg,6,4,Luxury,Winter,87408.87
Udaipur,2,7,Budget,Spring,40506.05
Gangtok,7,14,Luxury,Autumn,329519.8
Darjeeling,7,11,Budget,Spring,108798.87
Alleppey,1,11,Standard,Autumn,34010.19
Mumbai,2,6,Standard,Summer,57480.61
Ranthambore,2,9,Luxury,Autumn,111476.34
Gir National Park,7,9,Budget,Spring,142119.07
Kaziranga,7,4,Standard,Winter,98669.26
Nainital,5,1,Standard,Winter,12307.7
Gwalior,7,9,Standard,Summer,104690.11
Port Blair,8,11,Budget,Summer,165070.32
Pondicherry,8,11,Luxury,Spring,247815.68
Ooty,7,8,Standard,Summer,123243.04
Cherrapunji,7,13,Standard,Summer,203105.0
Tawang,1,8,Budget,Winter,21369.74
Kaziranga,4,6,Standard,Winter,87755.8
Haridwar,7,12,Standard,Summer,78063.19
Leh,4,10,Standard,Monsoon,119246.86
Hampi,1,3,Standard,Monsoon,4246.46
Thekkady,2,9,Standard,Summer,52647.28
Konark,5,10,Standard,Winter,90326.07
Hampi,4,13,Luxury,Summer,122417.7
Mussoorie,2,5,Luxury,Monsoon,30041.23
Pelling,5,3,Luxury,Spring,41446.96
Tawang,4,11,Budget,Winter,79236.53
Dalhousie,5,8,Luxury,Spring,111151.79
Agra,8,9,Standard,Winter,163251.72
Gir National Park,4,10,Budget,Summer,116613.1
Jaisalmer,8,14,Budget,Autumn,151739.4
Puri,1,13,Luxury,Spring,38335.79
Araku Valley,2,10,Luxury,Summer,57272.01
Manali,7,5,Luxury,Autumn,102370.84
Mahabalipuram,7,14,Standard,Autumn,140427.69
Pahalgam,3,9,Luxury,Summer,116631.31
Port Blair,3,4,Budget,Winter,28521.86
Varanasi,7,13,Budget,Autumn,72261.79
Srinagar,2,5,Budget,Winter,24760.27
Tawang,7,6,Standard,Autumn,80563.02
Araku Valley,2,11,Luxury,Winter,59936.67
Lonavala,3,12,Standard,Monsoon,56794.99
Pachmarhi,3,3,Standard,Autumn,13500.77
Kalimpong,8,11,Luxury,Autumn,161452.72
Leh,3,2,Standard,Summer,29600.24
Orchha,1,6,Budget,Monsoon,6662.39
Mussoorie,6,7,Standard,Autumn,84390.13
Udaipur,8,4,Standard,Summer,115449.28
Tirupati,6,14,Luxury,Winter,331757.17
Gulmarg,7,14,Standard,Autumn,388918.61
Manali,3,13,Budget,Summer,70003.8
Mysore,8,3,Standard,Winter,42325.74
Gangtok,2,1,Luxury,Summer,9809.85
Pushkar,8,13,Standard,Winter,117407.04
Dharamshala,2,12,Standard,Autumn,34132.72
Pahalgam,5,3,Luxury,Spring,50275.5
Varkala,8,6,Luxury,Spring,85007.56
Kochi,8,3,Budget,Winter,34458.56
Mahabaleshwar,6,2,Luxury,Spring,36464.0
South Goa,1,9,Standard,Winter,48226.58
Chennai,7,10,Standard,Spring,106353.79
Manali,4,9,Luxury,Autumn,107864.56
Rann of Kutch,6,13,Budget,Winter,260394.71
Rameswaram,2,12,Standard,Spring,27937.59
Jodhpur,6,2,Standard,Winter,27270.57
Lonavala,8,12,Budget,Spring,118277.81
Majuli,7,4,Luxury,Monsoon,34238.11
North Goa,7,13,Standard,Autumn,209108.66
Mysore,2,13,Budget,Summer,45172.05
Rann of Kutch,2,7,Luxury,Summer,119969.0
Rann of Kutch,6,12,Budget,Spring,196961.6
Pachmarhi,3,11,Budget,Monsoon,28856.8
Hampi,2,4,Standard,Autumn,11254.27
Manali,2,4,Luxury,Monsoon,23050.87
Kalimpong,2,12,Standard,Summer,40538.72
Varanasi,3,11,Budget,Spring,28833.27
Varkala,4,4,Standard,Winter,24096.83
Mysore,6,6,Budget,Autumn,42919.32
Kodaikanal,4,8,Luxury,Monsoon,73120.69
Shillong,1,9,Budget,Autumn,18976.38
Udaipur,1,4,Budget,Monsoon,11414.12
Udaipur,3,5,Luxury,Monsoon,66064.55
Ranthambore,7,11,Standard,Monsoon,198406.06
Kolkata,3,14,Standard,Summer,95716.58
Thekkady,7,9,Luxury,Winter,231831.21
Agra,6,7,Budget,Winter,75816.3
Kolkata,5,5,Standard,Spring,45147.18
Konark,1,9,Standard,Monsoon,15401.06
Orchha,4,12,Standard,Autumn,58264.0
Jaipur,6,6,Luxury,Monsoon,97673.23
Majuli,1,8,Standard,Summer,14548.58
Bengaluru,6,1,Luxury,Summer,31400.58
Gir National Park,4,14,Budget,Autumn,137622.06
Hampi,1,8,Luxury,Summer,28166.58
Udaipur,7,5,Standard,Winter,127088.0
Pachmarhi,5,5,Luxury,Winter,64883.88
Visakhapatnam,3,12,Standard,Winter,79580.06
Jaipur,2,4,Luxury,Summer,38676.65
Ziro,3,12,Budget,Summer,38551.95
Mysore,8,5,Luxury,Winter,115754.58
Dharamshala,4,9,Budget,Monsoon,26058.56
Udaipur,8,3,Standard,Autumn,72891.48
Shimla,1,7,Luxury,Monsoon,26678.13
Pune,3,3,Luxury,Spring,25836.39
Nainital,4,1,Luxury,Autumn,12203.46
Haridwar,4,9,Budget,Spring,22158.25
Agra,3,12,Budget,Spring,59226.11
Kochi,3,5,Standard,Autumn,28403.61
Shillong,6,14,Budget,Winter,144343.77
Gangtok,3,11,Standard,Spring,74917.74
Gangtok,7,10,Standard,Spring,142981.04
Mahabaleshwar,5,14,Luxury,Summer,252282.78
Varanasi,1,7,Budget,Spring,8328.78
Madurai,7,12,Standard,Monsoon,68409.32
Rishikesh,2,13,Budget,Spring,23820.1
Mysore,7,7,Standard,Spring,75598.57
Jaipur,5,1,Luxury,Winter,21370.49
Udaipur,8,1,Luxury,Spring,38676.63
Rishikesh,8,6,Budget,Summer,40628.17
Ranthambore,4,9,Budget,Winter,109929.91
Kalimpong,2,9,Standard,Spring,25583.56
Wayanad,5,4,Budget,Spring,26634.76
Rann of Kutch,2,5,Luxury,Winter,83612.68
Mumbai,5,13,Standard,Summer,275046.3
Lonavala,3,6,Budget,Autumn,25862.65
Mumbai,5,6,Standard,Winter,127938.43
Gwalior,1,1,Budget,Winter,1959.54
Kodaikanal,7,14,Luxury,Summer,308804.85
Shimla,8,12,Luxury,Winter,344455.58
Kanyakumari,3,8,Standard,Autumn,30878.37
Kovalam,7,1,Budget,Monsoon,11151.46
Kanyakumari,3,3,Luxury,Autumn,19410.19
Shimla,6,3,Budget,Summer,32453.04
Mumbai,4,3,Luxury,Autumn,64612.61
Agra,6,11,Standard,Summer,163284.97
Rann of Kutch,5,9,Budget,Autumn,129760.04
Dalhousie,6,5,Luxury,Summer,95494.23
Ranthambore,3,12,Luxury,Spring,212507.46
Darjeeling,7,14,Luxury,Autumn,306643.94
Jodhpur,7,12,Luxury,Monsoon,189403.46
Mumbai,7,3,Standard,Winter,79415.99
Kochi,4,14,Standard,Autumn,97841.62
Ooty,2,4,Standard,Spring,18021.08
Varanasi,5,5,Standard,Autumn,27986.81
Dharamshala,6,9,Budget,Winter,57999.73
Leh,8,14,Standard,Winter,449625.21
Kovalam,4,8,Luxury,Autumn,140709.34
North Goa,7,8,Budget,Winter,113792.3
Coorg,4,1,Luxury,Autumn,12051.79
Bhubaneswar,2,1,Luxury,Autumn,5214.19
Cherrapunji,1,3,Standard,Monsoon,7402.05
Srinagar,8,14,Budget,Spring,180991.25
Thekkady,8,10,Standard,Monsoon,121234.51
Pushkar,3,11,Standard,Winter,43212.84
Haridwar,4,11,Luxury,Summer,66889.23
Gwalior,4,3,Standard,Summer,21493.82
Konark,1,10,Luxury,Monsoon,28031.32
Havelock Island,4,12,Luxury,Monsoon,270304.41
Shillong,2,7,Standard,Spring,31503.98
Varanasi,7,3,Luxury,Summer,40138.59
Orchha,2,8,Standard,Winter,27857.13
Mahabalipuram,2,5,Budget,Monsoon,10234.99
Rameswaram,2,2,Luxury,Summer,9181.58
Nainital,6,2,Luxury,Winter,44406.23
Lonavala,3,2,Budget,Spring,8268.84
Gir National Park,5,13,Standard,Spring,220053.41
Mount Abu,5,13,Budget,Winter,105178.82
Chennai,3,6,Luxury,Autumn,50483.57
Port Blair,1,7,Standard,Winter,30759.74
Visakhapatnam,8,6,Standard,Summer,88901.54
Gwalior,1,7,Luxury,Monsoon,19814.42
Haridwar,3,5,Luxury,Autumn,21657.01
Kodaikanal,5,1,Luxury,Spring,14593.62
Pune,6,5,Budget,Autumn,36957.71
Puri,8,2,Standard,Autumn,17946.31
Puri,6,11,Luxury,Autumn,125955.81
Tawang,8,8,Luxury,Autumn,186299.75
Pondicherry,8,9,Luxury,Autumn,199398.79
Ooty,5,9,Standard,Spring,89550.63
Puri,4,4,Standard,Spring,19368.64
North Goa,4,9,Standard,Summer,101825.36
Kalimpong,8,10,Standard,Monsoon,70708.92
Pondicherry,6,12,Budget,Spring,101956.07
Udaipur,4,4,Luxury,Autumn,80960.06
Varkala,2,11,Standard,Autumn,31853.91
Pune,5,10,Budget,Summer,77679.9
Nainital,4,9,Standard,Autumn,69900.47
Kochi,2,1,Standard,Autumn,4218.01
Udaipur,7,4,Standard,Winter,102959.37
Munnar,1,6,Standard,Summer,22628.18
Kalimpong,2,2,Standard,Monsoon,4613.04
Pune,6,4,Luxury,Spring,63404.41
Jodhpur,2,2,Budget,Winter,7944.46
Tawang,3,8,Luxury,Summer,101931.47
Kochi,2,6,Standard,Spring,24776.14
Khajuraho,7,8,Standard,Summer,121411.36
Haridwar,4,1,Standard,Summer,3870.29
Manali,4,3,Standard,Winter,27669.57
Jaipur,1,7,Luxury,Autumn,36268.76
Thekkady,4,5,Luxury,Autumn,62825.97
Shillong,6,6,Luxury,Autumn,106377.25
Mahabalipuram,1,3,Luxury,Autumn,10579.46
Ooty,3,12,Standard,Monsoon,60773.01
Pelling,2,13,Standard,Spring,51953.49
Shillong,2,14,Luxury,Autumn,96452.48
Coorg,7,2,Luxury,Spring,41018.53
Khajuraho,5,8,Budget,Autumn,58337.33
Varanasi,7,8,Budget,Autumn,43435.56
Pushkar,1,10,Standard,Autumn,15102.67
Jodhpur,1,8,Luxury,Monsoon,28396.3
Gwalior,5,9,Luxury,Monsoon,90832.86
Mahabaleshwar,3,5,Standard,Spring,30347.69
North Goa,6,3,Luxury,Winter,79586.79
Lonavala,8,7,Budget,Summer,81753.88
Mysore,8,12,Standard,Winter,178365.17
Rann of Kutch,1,6,Standard,Autumn,33288.41
Kanyakumari,1,10,Budget,Monsoon,10973.07
Gir National Park,7,7,Standard,Spring,147646.59
Pelling,3,10,Standard,Autumn,56078.25
Gulmarg,4,13,Budget,Winter,194609.95
Kaziranga,7,12,Budget,Spring,181565.33
Shillong,6,9,Budget,Spring,77063.8
Varkala,3,1,Luxury,Autumn,6097.05
Jaipur,5,1,Budget,Monsoon,6758.49
Thekkady,6,2,Standard,Monsoon,19127.58
Pahalgam,8,2,Budget,Autumn,22278.81
Mussoorie,4,14,Budget,Autumn,83983.39
Pachmarhi,2,6,Budget,Summer,17686.77
Pelling,8,5,Budget,Spring,45644.56
Khajuraho,4,10,Budget,Autumn,57586.72
Gwalior,5,14,Luxury,Summer,206705.23
Pondicherry,2,6,Luxury,Winter,53021.53
Gangtok,1,7,Standard,Winter,25961.76
Jaisalmer,6,12,Standard,Monsoon,114197.44
Kalimpong,2,2,Budget,Autumn,4206.39
Bengaluru,4,4,Standard,Winter,51819.06
Gir National Park,2,4,Budget,Autumn,23557.56
Gwalior,2,11,Budget,Monsoon,22798.44
Kumarakom,5,5,Standard,Autumn,88678.58
Ranthambore,5,4,Standard,Spring,71887.0
Ziro,4,11,Luxury,Summer,92897.54
Konark,3,6,Budget,Summer,26940.75
Pondicherry,1,9,Standard,Winter,29981.38
Mussoorie,5,4,Luxury,Monsoon,52075.21
Pachmarhi,1,3,Standard,Spring,6048.85
Gwalior,1,12,Luxury,Autumn,42014.6
Wayanad,2,5,Standard,Spring,20129.22
Lucknow,5,14,Budget,Summer,112444.34
Pelling,8,5,Budget,Spring,47753.78
Kaziranga,4,14,Budget,Autumn,128720.97
Ranthambore,3,7,Luxury,Summer,150541.83
Rameswaram,2,11,Standard,Winter,31032.42
Munnar,5,8,Standard,Autumn,82381.42
Ranthambore,5,11,Luxury,Spring,305554.03
Varkala,7,8,Standard,Autumn,66801.5
Kodaikanal,5,9,Luxury,Spring,128790.68
Varkala,3,6,Luxury,Autumn,38128.81
Auli,7,5,Standard,Winter,134473.33
Pushkar,2,14,Luxury,Winter,66402.93
Pondicherry,5,7,Budget,Winter,61192.75
Gir National Park,6,1,Luxury,Summer,36669.98
Wayanad,3,8,Luxury,Monsoon,56116.8
North Goa,2,13,Luxury,Winter,141402.07
Auli,8,8,Standard,Spring,197317.92
Majuli,1,1,Standard,Autumn,1525.96
South Goa,8,8,Luxury,Spring,292023.84
Agra,2,14,Luxury,Summer,131296.14
Shillong,4,8,Budget,Spring,44742.91
Varkala,1,10,Budget,Spring,13385.69
Dharamshala,3,14,Budget,Summer,49088.34
Hampi,5,11,Luxury,Monsoon,86884.28
Puri,7,9,Budget,Summer,65292.54
Visakhapatnam,3,4,Luxury,Winter,40897.94
Rann of Kutch,3,8,Standard,Autumn,95259.49
Ooty,3,3,Luxury,Spring,30600.8
Varkala,7,6,Budget,Spring,36771.71
Wayanad,2,14,Standard,Spring,56794.36
Cherrapunji,5,11,Luxury,Spring,187798.93
Kumarakom,6,9,Standard,Autumn,176795.68
Mahabalipuram,6,1,Luxury,Winter,17106.7
Khajuraho,5,7,Standard,Monsoon,56861.63
Tirupati,2,4,Standard,Autumn,19186.58
North Goa,1,11,Budget,Autumn,28351.02
Varkala,7,4,Budget,Monsoon,19583.55
Wayanad,3,13,Standard,Monsoon,55244.68
Kumarakom,3,2,Standard,Autumn,22112.86
Lonavala,4,2,Luxury,Autumn,22232.33
Bengaluru,7,11,Budget,Spring,148875.16
Rameswaram,8,12,Budget,Autumn,67731.65
Gir National Park,1,1,Standard,Winter,5723.8
Kochi,1,11,Standard,Summer,34953.29
Tirupati,5,4,Budget,Summer,37100.53
Mount Abu,8,11,Standard,Autumn,144241.39
Majuli,7,12,Standard,Monsoon,65472.96
Leh,5,7,Luxury,Autumn,212953.0
Udaipur,5,2,Standard,Winter,40180.05
Ooty,5,3,Budget,Winter,26680.04
Kolkata,1,8,Budget,Winter,18664.66
Madurai,6,1,Standard,Winter,7844.49
Pushkar,1,9,Luxury,Summer,26663.2
Rann of Kutch,3,6,Standard,Spring,69899.77
Bhubaneswar,6,11,Luxury,Winter,161773.0
Srinagar,7,12,Budget,Monsoon,113471.72
Wayanad,4,11,Luxury,Winter,144095.27
Ooty,3,11,Standard,Monsoon,52966.53
Munnar,4,11,Budget,Monsoon,52997.4
Kodaikanal,3,2,Luxury,Winter,22137.2
Varkala,6,9,Luxury,Monsoon,80631.75
Gwalior,6,6,Standard,Autumn,52285.73
Coorg,3,2,Budget,Monsoon,7374.11
Haridwar,2,3,Standard,Summer,7012.52
Shimla,5,2,Luxury,Monsoon,26799.52
Lucknow,4,12,Standard,Winter,94024.46
Port Blair,8,13,Standard,Winter,280293.37
Thekkady,2,8,Luxury,Autumn,64072.24
South Goa,5,5,Standard,Autumn,76054.41
Shimla,5,3,Standard,Monsoon,25387.18
Kumarakom,5,3,Budget,Monsoon,31734.47
Agra,4,2,Standard,Summer,19662.38
Jaipur,2,8,Luxury,Spring,66546.89
Mahabalipuram,8,1,Standard,Spring,10897.75
Ooty,7,14,Standard,Summer,208673.21
Havelock Island,2,11,Standard,Monsoon,89303.79
Rann of Kutch,5,6,Standard,Summer,138090.8
Kumarakom,8,8,Standard,Winter,241617.65
Varanasi,1,4,Standard,Winter,7867.61
Nainital,1,13,Standard,Monsoon,29733.04
Mussoorie,2,5,Standard,Spring,23526.51
Konark,5,3,Budget,Winter,21004.9
Puri,8,1,Budget,Summer,8028.1
Agra,7,7,Luxury,Monsoon,117175.27
Dalhousie,4,9,Luxury,Winter,116211.16
Nainital,2,6,Budget,Monsoon,16464.51
Jaipur,6,12,Budget,Spring,117518.94
Manali,1,4,Standard,Winter,13525.49
Gokarna,8,7,Luxury,Summer,110213.05
Kalimpong,1,7,Luxury,Spring,20618.22
Kumarakom,5,10,Budget,Monsoon,107098.5
South Goa,4,7,Budget,Autumn,65133.17
Pondicherry,2,9,Standard,Summer,48315.38
Kanyakumari,3,10,Budget,Autumn,30414.45
Manali,5,12,Budget,Autumn,89495.16
Dharamshala,2,14,Luxury,Monsoon,52568.87
Gangtok,2,9,Budget,Winter,39847.4
Araku Valley,1,2,Standard,Monsoon,2913.31
Jaisalmer,4,8,Budget,Summer,57851.4
Darjeeling,5,9,Luxury,Spring,154145.31
Visakhapatnam,6,14,Standard,Autumn,143145.6
Agra,6,13,Budget,Spring,118584.17
Kalimpong,1,12,Budget,Autumn,16077.27
Varkala,4,13,Budget,Summer,55104.69
Nainital,7,2,Standard,Summer,30692.01
Jaipur,7,1,Budget,Monsoon,8850.73
Kochi,7,2,Luxury,Spring,37783.79
Shimla,6,9,Standard,Monsoon,84081.11
Gir National Park,5,10,Budget,Winter,151089.44
Ranthambore,8,12,Budget,Monsoon,186853.45
Wayanad,7,14,Luxury,Monsoon,202732.8
Gwalior,8,4,Budget,Spring,32988.07
Manali,2,5,Standard,Winter,26517.5
Manali,7,3,Budget,Winter,32511.52
Manali,7,7,Standard,Summer,105532.34
Ranthambore,2,7,Standard,Autumn,55690.94
Varkala,6,2,Budget,Monsoon,8892.47
Lonavala,1,13,Budget,Monsoon,20281.0
Konark,7,1,Luxury,Winter,18855.15
Chennai,1,12,Standard,Monsoon,23208.02
Ranthambore,1,6,Standard,Winter,34948.58
Gokarna,1,10,Standard,Monsoon,12848.11
Mount Abu,4,12,Luxury,Summer,158261.27
Ziro,3,8,Budget,Autumn,21262.17
Coorg,4,5,Budget,Summer,34177.08
Ooty,2,2,Budget,Spring,6964.01
Udaipur,2,6,Budget,Spring,34351.19
Mount Abu,1,8,Standard,Monsoon,17168.29
Madurai,1,1,Standard,Spring,1590.33
Haridwar,1,8,Budget,Winter,8475.8
Wayanad,1,13,Luxury,Summer,62883.09
Ranthambore,2,3,Budget,Monsoon,13860.47
Ooty,4,5,Luxury,Spring,60698.1
Kovalam,5,2,Budget,Summer,24718.11
Manali,8,9,Budget,Monsoon,73103.02
Rishikesh,8,8,Luxury,Winter,119854.93
Agra,5,4,Standard,Summer,48311.29
Tawang,5,6,Standard,Spring,62741.79
Leh,5,7,Budget,Summer,121283.5
Haridwar,7,5,Standard,Spring,26881.1
Bhubaneswar,7,4,Standard,Spring,35587.42
Mount Abu,6,4,Budget,Winter,38121.6
Pahalgam,7,13,Luxury,Autumn,283943.27
Coorg,7,6,Standard,Winter,92825.17
Srinagar,7,3,Luxury,Summer,89588.55
Pushkar,3,9,Standard,Spring,29342.29
Konark,3,9,Luxury,Winter,81072.83
Gulmarg,4,4,Luxury,Winter,120748.45
Orchha,5,9,Budget,Winter,50448.92
Hampi,6,2,Luxury,Spring,23312.64
Thekkady,4,9,Budget,Autumn,54728.35
Madurai,6,11,Luxury,Spring,115631.64
Tirupati,6,2,Luxury,Monsoon,30472.09
Mahabaleshwar,1,5,Luxury,Autumn,22768.27
Ziro,3,7,Standard,Autumn,25048.56
Majuli,3,14,Luxury,Autumn,74338.31
Pushkar,7,12,Luxury,Autumn,126491.66
Visakhapatnam,1,5,Budget,Winter,11350.73
Mahabaleshwar,4,13,Budget,Autumn,75555.62
Kanyakumari,3,7,Budget,Spring,21170.8
North Goa,6,6,Standard,Autumn,82938.34
Auli,7,8,Luxury,Spring,293626.57
Port Blair,3,5,Luxury,Autumn,62965.35
Rishikesh,6,11,Luxury,Winter,131387.22
Gokarna,7,13,Budget,Summer,83850.54
Varkala,2,14,Standard,Autumn,40976.12
Udaipur,6,6,Standard,Summer,137292.41
Havelock Island,8,3,Luxury,Autumn,165495.19
Chennai,5,11,Budget,Monsoon,54470.75
Kochi,8,5,Budget,Spring,48901.48
Varkala,3,6,Luxury,Autumn,38515.45
Khajuraho,3,13,Budget,Monsoon,47353.85
Mahabalipuram,7,13,Standard,Winter,152687.27
Kaziranga,8,1,Luxury,Monsoon,29837.68
Leh,4,4,Standard,Summer,74410.75
Mount Abu,6,14,Luxury,Monsoon,182511.04
Pahalgam,6,8,Standard,Summer,118194.3
Agra,8,7,Budget,Spring,78888.1
Orchha,4,9,Luxury,Spring,68485.41
Port Blair,1,6,Budget,Summer,18603.53
Bengaluru,3,6,Standard,Monsoon,40808.54
Madurai,5,12,Standard,Winter,81414.69
Pachmarhi,8,13,Luxury,Autumn,205590.23
Gulmarg,8,4,Budget,Summer,111212.74
Agra,2,8,Standard,Autumn,38803.92
North Goa,1,12,Luxury,Autumn,67527.79
South Goa,7,4,Standard,Monsoon,62659.33
Hampi,3,3,Standard,Autumn,11888.16
Pune,4,6,Standard,Autumn,38801.97
Lonavala,2,5,Luxury,Summer,40021.23
Leh,2,14,Luxury,Autumn,195210.34
Coorg,7,7,Budget,Summer,78456.34
Visakhapatnam,8,6,Luxury,Monsoon,94627.57
Mussoorie,4,2,Budget,Autumn,12586.07
Havelock Island,4,10,Luxury,Monsoon,216981.47
Dalhousie,2,1,Standard,Winter,4792.02
Coorg,3,14,Standard,Monsoon,68709.82
Munnar,7,6,Standard,Winter,99946.99
Lonavala,2,13,Standard,Summer,63794.77
Pachmarhi,1,13,Budget,Spring,19519.91
Pelling,5,3,Luxury,Winter,50663.96
Bhubaneswar,3,8,Luxury,Winter,69252.2
Ranthambore,4,2,Luxury,Winter,51903.41
South Goa,1,10,Budget,Winter,40132.29
Havelock Island,6,8,Luxury,Spring,330866.41
Varkala,7,3,Budget,Autumn,18196.24
Jaisalmer,4,5,Standard,Winter,48769.77
Srinagar,4,13,Luxury,Autumn,204743.38
Tirupati,8,5,Luxury,Spring,117924.72
Madurai,1,7,Luxury,Monsoon,14022.37
Pune,6,6,Standard,Monsoon,45577.46
Tirupati,7,14,Luxury,Autumn,299049.92
Alleppey,4,5,Luxury,Spring,69053.14
Jaisalmer,7,3,Standard,Monsoon,32263.32
Thekkady,2,12,Standard,Autumn,58163.52
Tirupati,1,7,Budget,Monsoon,12462.33
Srinagar,3,13,Luxury,Spring,165827.1
Jaisalmer,6,13,Budget,Winter,134899.76
Gangtok,7,6,Luxury,Autumn,137646.62
Kanyakumari,7,2,Luxury,Spring,24870.26
Majuli,3,5,Luxury,Autumn,26383.66
Shimla,2,11,Standard,Summer,63512.75
Rameswaram,7,9,Standard,Winter,73457.42
Visakhapatnam,7,10,Budget,Monsoon,66881.81
Rameswaram,3,4,Luxury,Winter,25318.19
Gir National Park,7,1,Luxury,Summer,41939.06
Visakhapatnam,8,3,Budget,Autumn,28144.24
Dharamshala,1,12,Luxury,Monsoon,27175.43
Ziro,7,6,Standard,Monsoon,34786.03
Pushkar,5,6,Budget,Autumn,23240.2
Orchha,3,3,Budget,Autumn,8968.22
Gwalior,3,14,Budget,Summer,59476.73
South Goa,4,10,Luxury,Autumn,200266.68
Udaipur,2,2,Standard,Summer,18844.26
Mumbai,2,9,Budget,Winter,64335.41
Bhubaneswar,6,8,Luxury,Summer,122393.8
Gir National Park,7,2,Standard,Spring,41677.46
Konark,3,12,Luxury,Spring,89645.56
Nainital,5,5,Luxury,Winter,100275.02
Puri,6,8,Budget,Spring,44824.98
Mussoorie,8,10,Standard,Summer,179997.81
Kaziranga,3,3,Standard,Autumn,30410.8
Alleppey,6,13,Budget,Autumn,124527.25
Varkala,3,14,Luxury,Monsoon,71917.34
Varkala,1,8,Budget,Spring,11069.21
Gangtok,5,11,Standard,Spring,120059.58
Mahabalipuram,5,8,Standard,Spring,62755.73
Pachmarhi,4,6,Luxury,Spring,52512.58
Kochi,2,5,Budget,Autumn,15728.12
Araku Valley,8,6,Budget,Spring,39499.91
Dharamshala,7,10,Budget,Winter,74634.75
Kumarakom,8,8,Budget,Winter,188850.42
Mount Abu,2,14,Luxury,Monsoon,76628.79
Konark,1,5,Luxury,Summer,21476.21
Mahabaleshwar,3,2,Luxury,Monsoon,15697.59
Gokarna,4,7,Standard,Summer,36734.96
Pelling,4,4,Luxury,Winter,53140.66
Jaipur,1,3,Budget,Winter,8668.19
Ranthambore,2,8,Budget,Winter,57904.1
Kumarakom,4,3,Standard,Autumn,39460.08
Agra,1,9,Standard,Monsoon,21769.4
Lonavala,2,10,Luxury,Spring,64480.04
Rishikesh,3,6,Standard,Winter,23481.2
Gir National Park,1,5,Standard,Summer,28367.33
Mussoorie,1,7,Luxury,Autumn,34978.66
South Goa,7,4,Luxury,Spring,127390.66
Mussoorie,8,14,Budget,Spring,154119.89
Gokarna,8,10,Standard,Autumn,80769.4
Orchha,7,13,Luxury,Monsoon,133343.08
Kaziranga,3,7,Budget,Summer,62485.4
Wayanad,7,10,Budget,Spring,85628.01
Shimla,7,11,Budget,Autumn,109758.82
Shillong,2,12,Budget,Winter,49274.06
Havelock Island,7,4,Standard,Monsoon,91548.68
Udaipur,8,14,Budget,Monsoon,198541.69
Darjeeling,1,6,Luxury,Spring,28645.54
Mount Abu,3,13,Luxury,Autumn,119839.68
Kanyakumari,8,8,Budget,Monsoon,42742.87
Visakhapatnam,2,2,Standard,Autumn,8118.48
Mahabalipuram,7,1,Standard,Monsoon,8071.33
Kochi,5,7,Budget,Summer,57491.8
Pahalgam,8,14,Budget,Winter,183235.56
Auli,1,4,Standard,Spring,20523.78
Kalimpong,2,7,Luxury,Winter,39556.16
Port Blair,6,1,Luxury,Spring,22509.89
Lucknow,7,12,Budget,Winter,118480.72
Havelock Island,2,14,Standard,Autumn,143345.33
Varkala,2,14,Standard,Summer,48167.56
Wayanad,8,1,Luxury,Monsoon,15602.07
Shimla,6,8,Luxury,Spring,151393.22
Pelling,8,6,Luxury,Monsoon,95434.52
Orchha,7,10,Standard,Spring,79944.27
Auli,6,2,Luxury,Monsoon,51734.33
Pelling,5,14,Standard,Autumn,124387.22
Coorg,7,3,Budget,Autumn,27839.52
Varanasi,1,9,Standard,Autumn,14381.22
Manali,6,13,Standard,Summer,172524.36
Rameswaram,6,13,Budget,Summer,69918.87
Jodhpur,7,4,Standard,Summer,59184.92
Kalimpong,1,13,Standard,Summer,27783.67
Pondicherry,7,10,Luxury,Monsoon,164687.16
Kalimpong,5,14,Standard,Monsoon,71120.99
Mussoorie,8,9,Standard,Winter,155754.96
Shimla,7,2,Budget,Spring,20093.2
Havelock Island,2,10,Standard,Winter,126115.15
Mahabalipuram,2,12,Luxury,Spring,65333.45
Shimla,2,5,Standard,Winter,28300.05
Hampi,8,8,Budget,Summer,65670.83
Pune,2,4,Luxury,Summer,29290.46
Munnar,1,14,Standard,Autumn,41810.39
Darjeeling,8,13,Budget,Monsoon,112332.22
Gokarna,4,6,Luxury,Spring,41540.61
Thekkady,7,8,Budget,Monsoon,64129.62
Visakhapatnam,3,6,Luxury,Monsoon,41817.45
Madurai,2,13,Standard,Spring,33457.94
Alleppey,7,8,Standard,Monsoon,92308.94
Lucknow,2,11,Standard,Spring,43579.77
Manali,6,4,Budget,Autumn,32889.9
Khajuraho,1,3,Standard,Winter,9876.77
Shillong,5,9,Budget,Winter,79514.9
Agra,1,10,Budget,Summer,27206.46
Munnar,4,4,Standard,Winter,39741.05
Madurai,4,14,Budget,Autumn,46392.77
Leh,6,1,Standard,Monsoon,17889.61
Gulmarg,7,9,Budget,Autumn,185524.42
Mahabalipuram,3,9,Budget,Winter,40095.45
Shillong,2,4,Luxury,Monsoon,23277.3
Havelock Island,7,13,Luxury,Winter,711926.29
Jaisalmer,5,1,Budget,Winter,9406.62
Rann of Kutch,6,9,Budget,Summer,179977.41
Dalhousie,2,12,Luxury,Autumn,74659.1
Mahabaleshwar,5,2,Luxury,Monsoon,25180.38
Kumarakom,1,4,Luxury,Summer,37546.83
Pushkar,3,8,Standard,Monsoon,21427.17
Kanyakumari,2,12,Standard,Spring,35257.83
Wayanad,7,13,Budget,Winter,127637.89
Mysore,7,2,Budget,Winter,19282.6
Jaisalmer,2,7,Standard,Autumn,33963.36
Gwalior,1,5,Standard,Winter,13038.5
Rameswaram,3,1,Budget,Spring,2486.4
Kaziranga,3,10,Budget,Winter,88767.77
Puri,4,1,Budget,Spring,3610.06
Ranthambore,2,9,Budget,Winter,66606.28
Haridwar,4,12,Luxury,Summer,73483.9
Alleppey,7,1,Standard,Spring,14525.86
Orchha,4,14,Budget,Summer,61063.56
Srinagar,6,5,Budget,Winter,63109.38
Tirupati,1,10,Luxury,Autumn,49706.24
Alleppey,4,13,Budget,Winter,103027.89
Nainital,4,13,Standard,Winter,119710.69
Udaipur,1,14,Standard,Summer,80192.86
Varanasi,1,14,Budget,Monsoon,13573.98
Kodaikanal,6,2,Standard,Summer,25708.38
Manali,1,11,Standard,Autumn,30373.22
Pushkar,7,14,Standard,Winter,114659.99
Mumbai,7,12,Luxury,Autumn,426742.9
Pushkar,6,7,Luxury,Monsoon,53238.05
Agra,1,8,Standard,Winter,28160.94
Haridwar,1,4,Standard,Spring,4564.8
Lonavala,1,12,Luxury,Winter,62220.62
Khajuraho,5,1,Budget,Summer,8854.32
Bhubaneswar,6,3,Luxury,Monsoon,31342.5
Araku Valley,3,14,Budget,Spring,40996.62
Ranthambore,8,6,Luxury,Summer,282783.86
Pondicherry,5,14,Standard,Summer,170432.75
Kovalam,6,12,Standard,Autumn,190263.28
Udaipur,2,3,Luxury,Summer,45479.25
Ooty,6,12,Standard,Spring,135059.19
Ranthambore,5,11,Budget,Summer,167656.88
Ranthambore,2,9,Luxury,Monsoon,96637.01
Gir National Park,8,6,Standard,Autumn,147175.75
Ranthambore,3,12,Standard,Autumn,132469.47
Pachmarhi,1,4,Luxury,Winter,15267.81
Agra,7,6,Standard,Winter,99142.22
Shimla,8,2,Standard,Monsoon,23886.17
Varkala,8,5,Luxury,Summer,86967.87
Ranthambore,3,14,Standard,Autumn,158175.44
Varanasi,3,9,Luxury,Autumn,50856.88
North Goa,5,12,Luxury,Spring,234765.8
Pachmarhi,6,5,Standard,Autumn,39665.86
Orchha,3,12,Luxury,Summer,90791.02
Mount Abu,3,6,Standard,Monsoon,26622.21
Gwalior,3,3,Luxury,Spring,22909.67
Kolkata,4,2,Standard,Spring,14335.09
Khajuraho,7,13,Standard,Winter,192006.32
Chennai,8,9,Luxury,Monsoon,133470.96
Lucknow,4,6,Luxury,Spring,61830.48
Rann of Kutch,4,3,Budget,Monsoon,26137.4
Nainital,5,3,Standard,Summer,36445.89
Ziro,7,1,Budget,Autumn,5247.69
Pahalgam,2,14,Luxury,Summer,128133.78
Cherrapunji,5,2,Budget,Spring,15957.78
South Goa,8,4,Budget,Autumn,64942.32
Puri,6,4,Standard,Winter,34449.38
Khajuraho,8,8,Luxury,Summer,220436.41
Ziro,3,10,Standard,Autumn,36081.08
Manali,5,11,Budget,Monsoon,63155.77
Tawang,4,2,Luxury,Winter,30827.64
Kovalam,8,14,Budget,Winter,255420.85
Pune,5,12,Standard,Monsoon,78054.39
Dharamshala,6,1,Budget,Spring,5367.83
Cherrapunji,2,12,Standard,Summer,71808.53
Dalhousie,6,5,Luxury,Summer,95503.17
Rameswaram,6,6,Standard,Winter,42770.55
Mumbai,6,13,Budget,Monsoon,157211.19
Hampi,7,3,Standard,Autumn,24221.0
Manali,7,2,Standard,Autumn,24588.75
Pelling,4,1,Budget,Winter,5709.29
Cherrapunji,6,6,Budget,Autumn,53503.48
Varkala,5,11,Budget,Monsoon,41298.01
Madurai,7,6,Luxury,Winter,80333.54
Port Blair,6,8,Luxury,Spring,180533.54
Mahabaleshwar,1,13,Budget,Monsoon,21963.16
Varkala,3,2,Standard,Winter,9232.24
Kovalam,8,5,Budget,Spring,74176.31
Majuli,3,14,Standard,Monsoon,36520.55
Mahabalipuram,6,13,Luxury,Winter,224692.25
Bengaluru,1,13,Luxury,Winter,101100.46
Gokarna,4,4,Budget,Spring,12715.57
Srinagar,2,11,Standard,Winter,72681.33
Kaziranga,3,1,Standard,Autumn,9831.82
Shimla,8,5,Standard,Autumn,73510.37
Dharamshala,5,13,Budget,Spring,61066.29
Konark,3,11,Standard,Autumn,53743.3
Jaisalmer,8,8,Luxury,Summer,225922.33
South Goa,7,1,Budget,Autumn,14915.58
Gwalior,5,1,Luxury,Summer,14536.27
Pelling,7,2,Luxury,Spring,35391.81
Auli,4,2,Standard,Winter,33324.59
Lonavala,5,14,Budget,Monsoon,76246.36
Gokarna,4,10,Luxury,Winter,81407.03
Jodhpur,2,6,Standard,Monsoon,21274.53
Pushkar,4,14,Budget,Spring,42461.56
Puri,2,8,Luxury,Monsoon,29693.86
Mumbai,4,7,Standard,Summer,119709.29
Munnar,1,1,Standard,Monsoon,2438.17
North Goa,8,3,Budget,Monsoon,31522.28
Jaisalmer,8,2,Luxury,Monsoon,37565.41
Pondicherry,2,5,Budget,Monsoon,13506.73
Kalimpong,1,11,Budget,Spring,14862.68
South Goa,3,8,Standard,Spring,76551.26
Ziro,8,13,Standard,Monsoon,81858.84
Auli,5,13,Standard,Winter,276893.4
Srinagar,6,6,Luxury,Monsoon,103584.04
Kumarakom,1,4,Luxury,Winter,37706.92
Kaziranga,4,3,Standard,Spring,35741.02
Lonavala,8,7,Budget,Winter,82290.61
Gokarna,2,9,Standard,Winter,27973.1
Tawang,1,11,Standard,Summer,39491.64
Shillong,7,2,Budget,Spring,18718.0
Cherrapunji,5,2,Budget,Autumn,15012.12
Gulmarg,8,9,Luxury,Winter,521507.0
Konark,3,14,Standard,Autumn,69039.6
Tirupati,4,6,Budget,Autumn,36592.27
Kumarakom,3,6,Standard,Summer,80312.88
Kumarakom,4,5,Luxury,Winter,133152.13
Jodhpur,7,9,Standard,Summer,132873.47
Puri,4,9,Budget,Winter,39706.79
Cherrapunji,3,5,Standard,Monsoon,27119.41
Pushkar,5,14,Luxury,Winter,137502.88
Pondicherry,1,4,Luxury,Monsoon,14223.91
Chennai,5,3,Budget,Autumn,18974.79
Mahabalipuram,7,8,Luxury,Summer,147915.12
Gir National Park,7,4,Luxury,Monsoon,115318.1
Tirupati,2,5,Luxury,Monsoon,31468.78
Pushkar,3,9,Standard,Winter,35064.01
Majuli,6,11,Luxury,Winter,124529.61
Havelock Island,7,2,Budget,Monsoon,34941.96
Dharamshala,6,8,Budget,Autumn,42814.22
Gokarna,7,3,Budget,Monsoon,12978.54
Puri,5,4,Standard,Winter,29825.8
Puri,2,6,Luxury,Monsoon,21708.05
Thekkady,8,7,Standard,Summer,125496.85
Pushkar,5,5,Luxury,Winter,51150.49
Srinagar,6,13,Budget,Winter,164357.61
Rishikesh,7,7,Standard,Winter,55663.25
Munnar,5,6,Budget,Autumn,48206.55
Orchha,2,13,Luxury,Summer,75224.52
Mahabaleshwar,4,3,Budget,Winter,20930.89
Mahabalipuram,2,14,Budget,Summer,44061.87
Port Blair,5,12,Luxury,Winter,282053.44
Mahabalipuram,2,13,Budget,Monsoon,27282.64
Port Blair,3,14,Luxury,Spring,168419.71
Kanyakumari,1,1,Luxury,Autumn,2969.99
Udaipur,6,5,Budget,Summer,86724.0
Thekkady,5,12,Luxury,Spring,200816.56
Dharamshala,5,8,Luxury,Winter,96648.44
Puri,6,1,Budget,Spring,5417.65
Ziro,7,2,Budget,Winter,12809.28
Mussoorie,4,3,Luxury,Winter,47632.19
Mahabaleshwar,1,8,Luxury,Monsoon,28326.62
Pune,4,13,Budget,Summer,74983.97
Manali,8,12,Budget,Winter,148873.84
Munnar,3,3,Budget,Summer,17685.55
Mussoorie,2,12,Standard,Autumn,56557.78
Wayanad,3,10,Standard,Autumn,56116.38
Pahalgam,3,10,Luxury,Autumn,106365.69
Mysore,6,8,Standard,Summer,94302.99
Varanasi,5,3,Standard,Winter,20184.13
Coorg,7,5,Luxury,Spring,100452.14
Lucknow,8,4,Luxury,Winter,93165.91
Leh,1,6,Standard,Summer,39430.41
Jaisalmer,2,8,Standard,Autumn,37551.62
Gokarna,8,6,Luxury,Spring,75044.11
Shimla,5,10,Luxury,Summer,210748.57
Madurai,7,5,Standard,Summer,43362.82
Gangtok,1,3,Luxury,Winter,18622.86
Ziro,3,9,Luxury,Monsoon,40009.63
Ziro,1,3,Luxury,Spring,7721.27
Jaisalmer,1,2,Standard,Monsoon,4750.57
Konark,1,11,Standard,Autumn,23974.35
Mysore,6,7,Luxury,Summer,126336.55
Udaipur,1,13,Standard,Autumn,62199.76
Varkala,3,4,Standard,Summer,18901.51
Mahabaleshwar,6,10,Luxury,Spring,180934.09
Mount Abu,8,1,Luxury,Summer,24938.87
Orchha,3,4,Standard,Monsoon,12734.92
Kanyakumari,8,13,Luxury,Summer,221480.9
Haridwar,6,14,Luxury,Winter,125678.62
Kochi,5,13,Budget,Winter,104829.43
Mumbai,1,6,Luxury,Monsoon,38549.68
Mount Abu,3,9,Budget,Summer,45325.67
Majuli,3,12,Budget,Monsoon,24175.03
Kolkata,2,2,Budget,Summer,7538.69
Varanasi,8,6,Luxury,Autumn,75349.13
Bhubaneswar,7,6,Budget,Monsoon,32825.01
Mahabalipuram,2,4,Luxury,Autumn,21873.76
Wayanad,4,6,Budget,Monsoon,24217.92
Havelock Island,4,7,Standard,Autumn,121739.7
Pachmarhi,2,12,Luxury,Winter,75988.6
Pachmarhi,8,13,Luxury,Spring,208892.17
Bhubaneswar,5,8,Budget,Monsoon,33535.23
Mysore,8,1,Luxury,Monsoon,15266.41
Varanasi,5,13,Luxury,Summer,141510.62
South Goa,7,4,Standard,Monsoon,66958.43
Shillong,1,9,Luxury,Summer,48638.59
Chennai,8,13,Standard,Winter,185498.27
Auli,1,7,Luxury,Monsoon,44979.2
Lucknow,7,6,Luxury,Winter,130083.89
Kolkata,2,1,Standard,Autumn,4033.05
Pelling,2,6,Standard,Autumn,23551.95
Havelock Island,2,6,Luxury,Summer,120777.91
Lonavala,1,12,Budget,Summer,27638.97
Rishikesh,4,14,Luxury,Spring,94256.2
Gir National Park,5,8,Budget,Spring,100906.93
Mysore,3,7,Standard,Summer,44176.81
Wayanad,8,13,Standard,Winter,193827.78
Kolkata,6,6,Luxury,Summer,118736.97
Dalhousie,7,10,Standard,Spring,114747.24
Nainital,2,4,Standard,Spring,18999.11
Majuli,8,4,Luxury,Winter,55618.99
Madurai,8,3,Budget,Monsoon,14305.66
Tirupati,4,2,Budget,Monsoon,9840.31
Mysore,6,10,Luxury,Summer,188467.15
North Goa,7,3,Budget,Autumn,36147.13
Gokarna,2,14,Budget,Winter,32768.1
Kochi,3,11,Budget,Summer,57239.3
Kodaikanal,5,7,Luxury,Winter,119730.41
Wayanad,7,9,Luxury,Summer,189315.27
Kodaikanal,4,3,Luxury,Spring,34650.36
Pondicherry,1,4,Budget,Monsoon,6754.23
Varkala,4,7,Budget,Spring,25043.54
Konark,1,14,Standard,Spring,30504.22
Kodaikanal,7,9,Standard,Spring,105363.48
Chennai,5,4,Luxury,Autumn,55431.16
Kanyakumari,5,10,Standard,Monsoon,51780.74
Nainital,1,7,Budget,Autumn,15923.88
Majuli,4,12,Budget,Monsoon,29088.45
Gokarna,8,12,Budget,Winter,88698.34
Lonavala,2,11,Luxury,Summer,86299.85
Visakhapatnam,3,2,Budget,Spring,8289.25
Darjeeling,3,5,Standard,Monsoon,26265.57
Munnar,5,1,Budget,Monsoon,6289.85
Bhubaneswar,1,5,Standard,Winter,12071.38
Ziro,8,6,Standard,Summer,58297.11
Varanasi,1,14,Luxury,Monsoon,28511.27
Kaziranga,4,6,Standard,Monsoon,59321.94
Udaipur,7,5,Budget,Summer,97296.91
Varkala,3,7,Budget,Monsoon,16714.88
Pachmarhi,5,14,Budget,Spring,74194.1
Ranthambore,1,11,Budget,Autumn,41546.64
Wayanad,2,7,Budget,Summer,25271.68
Pahalgam,5,9,Budget,Monsoon,56307.84
Tawang,4,2,Standard,Spring,16320.2
Rann of Kutch,8,3,Budget,Spring,60671.94
Kumarakom,6,13,Budget,Monsoon,151381.29
Auli,6,12,Luxury,Monsoon,304322.63
Jaisalmer,7,14,Budget,Monsoon,117293.11
Konark,1,2,Budget,Autumn,3339.49
Alleppey,7,14,Standard,Winter,240780.41
Munnar,6,11,Luxury,Spring,204254.16
Wayanad,6,7,Budget,Autumn,54627.9
Shillong,8,9,Standard,Winter,155204.03
Shimla,6,1,Budget,Spring,8798.21
Varanasi,7,8,Budget,Autumn,43031.23
Tawang,3,14,Luxury,Winter,176608.96
Jaisalmer,8,3,Standard,Winter,54319.25
Gir National Park,4,7,Luxury,Monsoon,118696.19
Dalhousie,2,4,Luxury,Autumn,24950.3
Pelling,7,9,Budget,Monsoon,60333.8
Lonavala,6,7,Standard,Winter,88184.92
Kaziranga,4,12,Budget,Monsoon,89071.17
Haridwar,8,13,Standard,Autumn,77516.64
Lonavala,4,13,Luxury,Autumn,148308.82
Gulmarg,8,1,Standard,Summer,36642.51
Kovalam,8,9,Standard,Spring,175399.38
Auli,6,5,Budget,Winter,88028.24
Jaisalmer,5,8,Standard,Winter,99186.65
Kochi,2,6,Standard,Autumn,25097.48
Mahabaleshwar,8,5,Luxury,Summer,136856.06
Varanasi,4,7,Budget,Autumn,21579.96
Rameswaram,1,10,Budget,Monsoon,9457.75
Rameswaram,5,4,Luxury,Winter,39386.28
Shimla,7,3,Standard,Winter,48722.29
Mumbai,4,12,Budget,Summer,146025.65
Varkala,1,4,Luxury,Winter,13649.35
Rann of Kutch,2,10,Budget,Monsoon,53016.38
Pondicherry,3,7,Standard,Spring,42881.99
Gwalior,2,8,Luxury,Monsoon,35795.12
Kolkata,8,5,Standard,Autumn,63571.5
Pondicherry,2,7,Standard,Winter,39027.32
Port Blair,6,6,Budget,Summer,78022.1
Konark,6,9,Budget,Monsoon,46959.06
Rishikesh,5,8,Standard,Winter,50278.54
Munnar,8,13,Budget,Monsoon,115726.4
Ziro,8,13,Standard,Winter,122109.95
Jodhpur,5,9,Budget,Spring,67027.51
Hampi,6,3,Standard,Autumn,22724.27
Hampi,5,5,Budget,Winter,28090.59
Tirupati,8,8,Luxury,Winter,226498.37
Kovalam,5,9,Budget,Winter,111216.43
Dalhousie,6,5,Luxury,Monsoon,63768.68
Puri,8,8,Luxury,Summer,138587.01
Rameswaram,7,11,Standard,Autumn,72153.81
Lucknow,7,13,Budget,Summer,131827.49
Varanasi,3,5,Luxury,Monsoon,22293.55
Auli,8,14,Luxury,Autumn,542753.04
Jaipur,2,9,Luxury,Spring,73600.53
Munnar,4,9,Standard,Summer,89486.73
Pahalgam,5,3,Budget,Summer,28313.22
Khajuraho,3,8,Standard,Summer,62244.08
Cherrapunji,5,9,Luxury,Spring,156280.58
Lucknow,3,14,Luxury,Spring,125131.73
Lonavala,5,9,Standard,Monsoon,65245.0
Konark,8,11,Standard,Autumn,121260.43
Kanyakumari,8,6,Standard,Monsoon,42836.77
Hampi,8,12,Budget,Spring,77660.33
Mumbai,4,4,Budget,Spring,39851.86
Haridwar,6,5,Budget,Spring,17967.21
Varanasi,1,8,Budget,Summer,11179.55
Kovalam,2,2,Budget,Spring,9490.23
Rann of Kutch,3,10,Luxury,Winter,240509.16
Pahalgam,7,8,Budget,Spring,80039.35
Darjeeling,5,13,Budget,Monsoon,79556.96
Cherrapunji,1,11,Luxury,Winter,64362.13
Darjeeling,1,5,Budget,Summer,13421.14
Coorg,6,8,Budget,Autumn,68685.67
Kovalam,6,7,Luxury,Spring,182448.63
Havelock Island,5,1,Standard,Summer,27583.42
Mount Abu,6,10,Budget,Summer,92693.79
Pachmarhi,4,5,Budget,Winter,24225.0
North Goa,3,12,Luxury,Summer,180814.89
Auli,4,8,Budget,Monsoon,64076.62
Bhubaneswar,5,2,Budget,Spring,10283.48
Kaziranga,5,12,Standard,Spring,191024.79
Puri,2,2,Budget,Spring,4225.5
Mahabaleshwar,4,5,Standard,Spring,37706.81
Pune,2,7,Luxury,Summer,51879.05
Kumarakom,8,1,Budget,Summer,23272.07
Bengaluru,8,7,Luxury,Spring,224418.0
Agra,6,13,Standard,Spring,152767.14
Pachmarhi,6,10,Standard,Winter,95641.02
Darjeeling,3,13,Standard,Winter,104152.4
Jodhpur,4,12,Luxury,Summer,175809.58
Jodhpur,4,6,Budget,Summer,42714.01
Ooty,4,13,Standard,Summer,118424.9
Visakhapatnam,5,7,Luxury,Autumn,97276.54
Thekkady,4,12,Luxury,Monsoon,126458.84
Kodaikanal,5,9,Budget,Monsoon,48235.91
Agra,1,4,Luxury,Summer,22238.02
Dalhousie,2,14,Standard,Winter,65288.75
Gokarna,7,9,Standard,Autumn,65078.68
Darjeeling,3,14,Budget,Spring,68585.08
Khajuraho,8,7,Budget,Summer,86568.15
Srinagar,8,3,Luxury,Summer,103680.14
Coorg,4,10,Standard,Winter,89702.73
Khajuraho,6,12,Budget,Autumn,100576.91
North Goa,3,3,Luxury,Summer,45061.61
Konark,1,5,Budget,Monsoon,6745.18
Khajuraho,1,11,Luxury,Summer,59024.62
Lucknow,1,1,Standard,Autumn,2505.13
Konark,6,10,Standard,Monsoon,69068.12
Tirupati,5,9,Budget,Monsoon,58097.32
Dalhousie,8,1,Luxury,Summer,24209.94
Ranthambore,7,2,Luxury,Monsoon,58085.41
Coorg,1,5,Luxury,Winter,26334.18
Srinagar,4,7,Luxury,Spring,105695.63
Munnar,4,3,Standard,Spring,24321.98
Jodhpur,7,3,Standard,Summer,46346.67
Pushkar,2,8,Budget,Summer,16640.78
Gir National Park,1,9,Budget,Summer,38925.25
Kumarakom,8,12,Standard,Winter,343023.58
Jaipur,4,7,Standard,Winter,72313.55
Pachmarhi,8,14,Standard,Spring,137998.94
Pushkar,8,4,Standard,Monsoon,23179.12
Gangtok,3,7,Standard,Winter,60362.68
Majuli,7,8,Luxury,Spring,89703.24
Gwalior,5,7,Budget,Monsoon,32770.83
Orchha,5,7,Standard,Monsoon,34517.63
Mysore,6,1,Luxury,Winter,18460.03
Kolkata,6,12,Standard,Autumn,126072.13
Gir National Park,5,10,Budget,Autumn,128463.51
Nainital,3,6,Standard,Summer,46350.48
South Goa,8,8,Luxury,Summer,346583.27
Dalhousie,6,14,Standard,Monsoon,111157.92
Agra,2,11,Standard,Monsoon,42460.65
Gulmarg,5,2,Luxury,Summer,78940.21
Haridwar,7,6,Standard,Winter,39445.14
Bengaluru,1,6,Luxury,Winter,47939.58
Srinagar,1,1,Luxury,Autumn,5604.92
Kumarakom,5,6,Luxury,Autumn,165289.95
Kanyakumari,5,3,Luxury,Spring,30018.79
Thekkady,6,9,Luxury,Summer,207344.3
Ooty,2,7,Luxury,Winter,60340.82
Cherrapunji,7,5,Luxury,Spring,105349.6
Ranthambore,4,7,Standard,Summer,113897.04
Bhubaneswar,7,7,Budget,Winter,56997.84
Agra,4,14,Standard,Monsoon,88089.09
Varanasi,1,13,Budget,Monsoon,12530.79
Puri,4,6,Standard,Monsoon,22669.78
Lonavala,3,13,Budget,Summer,67784.26
Kolkata,1,9,Budget,Monsoon,14242.36
Rishikesh,5,1,Standard,Autumn,5190.47
Nainital,2,4,Standard,Spring,18781.63
Rameswaram,1,14,Luxury,Summer,41150.11
Coorg,8,11,Luxury,Autumn,244076.08
Mount Abu,8,3,Standard,Monsoon,31933.08
Jodhpur,5,5,Budget,Monsoon,28295.16
Shimla,1,11,Luxury,Autumn,52154.24
Varkala,6,3,Budget,Autumn,16455.16
Kumarakom,2,14,Standard,Monsoon,90626.49
Orchha,4,3,Luxury,Autumn,23243.77
Tawang,4,4,Budget,Winter,29054.2
Pachmarhi,6,14,Standard,Monsoon,90377.14
Mumbai,3,14,Standard,Winter,186711.87
Rishikesh,2,6,Budget,Summer,12929.28
Mumbai,7,2,Luxury,Summer,89301.35
Majuli,1,14,Budget,Summer,18013.94
Port Blair,1,8,Budget,Spring,21332.37
Varkala,5,14,Budget,Monsoon,51791.39
Pachmarhi,1,4,Budget,Summer,6905.64
Shillong,2,2,Budget,Summer,8167.36
Jodhpur,7,3,Standard,Monsoon,29653.91
Visakhapatnam,1,3,Budget,Monsoon,4408.64
Pachmarhi,7,12,Budget,Spring,78995.38
Pushkar,6,1,Luxury,Summer,11390.49
Haridwar,2,9,Luxury,Winter,32422.99
Port Blair,6,6,Standard,Summer,101829.47
Kolkata,8,9,Luxury,Autumn,188003.19
Gokarna,7,3,Luxury,Winter,41106.11
Jaipur,8,5,Luxury,Winter,155406.76
Konark,6,10,Standard,Autumn,85693.26
Rameswaram,8,8,Standard,Summer,72793.35
Pelling,7,14,Luxury,Spring,245663.13
Pelling,1,14,Luxury,Summer,66998.56
Kochi,8,9,Budget,Monsoon,71761.66
Wayanad,7,14,Budget,Summer,137787.2
Kolkata,4,4,Luxury,Summer,51896.76
South Goa,8,12,Budget,Summer,243824.71
Varanasi,8,8,Budget,Autumn,48462.69
South Goa,8,1,Budget,Autumn,16932.15
Auli,6,11,Standard,Summer,258001.08
Kanyakumari,6,3,Luxury,Monsoon,27762.9
Gir National Park,7,7,Budget,Winter,135510.69
Dharamshala,3,10,Standard,Monsoon,31128.4
Gir National Park,7,5,Standard,Monsoon,85824.51
Pahalgam,7,7,Standard,Summer,112589.01
Thekkady,5,14,Luxury,Spring,231058.51
Haridwar,3,2,Standard,Summer,6132.31
Mumbai,8,3,Budget,Spring,54796.7
Munnar,6,14,Standard,Spring,168834.05
Kolkata,4,10,Standard,Monsoon,56054.24
North Goa,2,8,Budget,Winter,39189.26
Pushkar,8,9,Budget,Winter,60754.85
Leh,4,4,Budget,Spring,45311.62
Jodhpur,7,10,Luxury,Winter,239321.01
Konark,8,1,Luxury,Autumn,17368.22
Darjeeling,2,1,Luxury,Spring,7706.71
Araku Valley,4,12,Luxury,Autumn,94063.98
Pelling,1,2,Luxury,Summer,9368.81
Darjeeling,8,2,Standard,Summer,36325.49
Havelock Island,3,3,Budget,Autumn,30884.42
Mussoorie,4,9,Standard,Autumn,72349.46
Kanyakumari,5,5,Luxury,Summer,62011.11
Pelling,3,6,Luxury,Winter,65147.8
Haridwar,7,1,Standard,Monsoon,4208.38
Port Blair,8,6,Budget,Summer,93885.06
Gokarna,8,12,Standard,Summer,115424.99
Alleppey,5,4,Standard,Monsoon,36560.33
Jaisalmer,5,4,Standard,Monsoon,33336.04
Araku Valley,4,7,Budget,Spring,25388.51
Mysore,8,5,Luxury,Winter,114217.75
Munnar,5,8,Standard,Spring,85442.67
Pune,1,9,Standard,Winter,26361.89
Shillong,7,6,Budget,Summer,69553.27
Jaisalmer,5,4,Luxury,Spring,66458.76
Manali,6,12,Standard,Autumn,131790.27
Kolkata,7,9,Luxury,Autumn,169268.81
Gokarna,7,7,Budget,Monsoon,29953.14
Konark,8,12,Luxury,Summer,251244.49
Mumbai,4,14,Luxury,Winter,361866.87
Darjeeling,4,7,Budget,Autumn,43041.08
Gangtok,1,4,Standard,Spring,13088.37
Chennai,3,2,Luxury,Spring,17437.35
Srinagar,8,2,Luxury,Winter,69067.5
Ranthambore,8,10,Budget,Winter,224225.2
Gangtok,8,8,Standard,Autumn,129412.3
Agra,8,7,Budget,Winter,98085.12
Chennai,6,13,Standard,Summer,143084.66
Pondicherry,2,10,Luxury,Summer,89276.73
Shillong,4,12,Standard,Winter,111545.0
Mount Abu,3,13,Standard,Autumn,74307.69
Ranthambore,6,12,Budget,Spring,174957.85
Rameswaram,3,6,Standard,Summer,23731.52
Lucknow,8,7,Budget,Spring,64322.88
Alleppey,7,3,Budget,Winter,38229.77
Shimla,5,3,Budget,Monsoon,18739.7
Port Blair,7,5,Budget,Summer,71548.75
Gangtok,1,13,Luxury,Winter,81550.85
Lonavala,8,14,Standard,Summer,217753.28
Nainital,3,7,Standard,Monsoon,34666.28
Tawang,1,1,Budget,Autumn,2175.59
Khajuraho,3,7,Budget,Winter,39116.75
Rishikesh,6,6,Luxury,Autumn,56086.36
Cherrapunji,8,3,Budget,Monsoon,27788.62
Hampi,8,12,Standard,Winter,130259.65
Rishikesh,8,11,Standard,Monsoon,65635.75
Agra,3,11,Standard,Summer,87167.91
Shillong,2,6,Luxury,Summer,52346.94
Varkala,7,9,Budget,Spring,54606.33
Munnar,8,4,Budget,Summer,53252.48
Hampi,2,11,Standard,Monsoon,25997.97
Pachmarhi,6,9,Luxury,Monsoon,92104.68
Pahalgam,8,14,Standard,Winter,248714.43
Hampi,8,14,Luxury,Monsoon,169137.54
Kanyakumari,8,2,Luxury,Winter,34139.08
Kanyakumari,6,14,Standard,Spring,102868.94
Lonavala,3,13,Budget,Summer,68497.32
Mount Abu,2,3,Luxury,Summer,24576.97
Dalhousie,3,3,Standard,Summer,19732.61
Kolkata,1,4,Luxury,Monsoon,13401.6
Jaisalmer,2,14,Budget,Spring,51077.15
Araku Valley,6,7,Luxury,Spring,82158.7
Mount Abu,7,6,Standard,Winter,87858.59
Mahabaleshwar,7,8,Budget,Monsoon,60758.76
Varanasi,8,14,Budget,Winter,102156.71
Nainital,1,7,Luxury,Spring,33175.22
Orchha,1,3,Luxury,Winter,10233.52
Pelling,2,4,Luxury,Summer,30459.2
Cherrapunji,7,2,Standard,Monsoon,21382.88
Kovalam,4,5,Budget,Summer,49097.83
Tawang,2,11,Luxury,Spring,81664.75
Haridwar,6,9,Luxury,Spring,67947.45
Visakhapatnam,1,12,Budget,Winter,27683.96
Darjeeling,3,1,Standard,Monsoon,5221.89
Kaziranga,7,6,Budget,Spring,88948.19
Mysore,8,6,Budget,Autumn,54218.69
Konark,8,5,Luxury,Autumn,87675.43
Kolkata,1,11,Budget,Autumn,21365.71
Rameswaram,5,8,Luxury,Summer,78244.75
Pahalgam,3,14,Standard,Summer,110470.61
Gulmarg,7,2,Budget,Spring,39562.25
Bengaluru,8,9,Budget,Spring,136255.12
Kochi,4,10,Standard,Summer,83928.66
Leh,4,6,Standard,Autumn,88468.78
Jaipur,6,6,Standard,Spring,78087.44
Tawang,6,11,Standard,Spring,126749.12
Pune,1,14,Budget,Autumn,25215.33
Ziro,1,14,Budget,Autumn,16800.11
Jaipur,5,5,Budget,Autumn,41531.88
Mahabaleshwar,8,12,Budget,Monsoon,98541.68
Mysore,2,8,Standard,Autumn,30269.4
North Goa,1,13,Standard,Summer,54078.62
Mysore,7,9,Standard,Spring,97124.6
Pahalgam,5,6,Luxury,Autumn,103776.12
Bengaluru,3,13,Standard,Autumn,117765.6
Ziro,5,13,Budget,Summer,64990.73
Kanyakumari,4,11,Standard,Winter,65249.94
Kolkata,1,1,Budget,Summer,2336.49
Pelling,2,9,Luxury,Spring,57941.49
Jodhpur,5,5,Luxury,Winter,92377.32
Araku Valley,6,2,Standard,Spring,14203.64
Alleppey,5,12,Luxury,Summer,259204.58
Gulmarg,2,10,Standard,Autumn,96831.06
Agra,5,12,Luxury,Summer,230405.0
Cherrapunji,2,6,Standard,Autumn,28656.55
Lucknow,5,10,Standard,Autumn,86845.27
North Goa,6,1,Budget,Autumn,10581.64
Lucknow,5,1,Budget,Autumn,6293.3
Ziro,6,7,Budget,Autumn,33808.37
Jaipur,1,3,Luxury,Autumn,15383.17
Mahabalipuram,8,10,Luxury,Monsoon,142176.99
Srinagar,1,3,Budget,Monsoon,6393.61
Puri,7,5,Standard,Monsoon,31813.97
Varanasi,4,10,Standard,Summer,53502.85
Majuli,6,6,Budget,Summer,33048.32
Majuli,1,9,Standard,Autumn,13441.33
Gangtok,1,6,Luxury,Winter,36208.64
Thekkady,7,6,Standard,Monsoon,65508.13
Darjeeling,7,2,Luxury,Spring,42890.22
Wayanad,2,1,Luxury,Winter,7404.27
Hampi,1,3,Budget,Spring,4162.23
Jaipur,1,5,Luxury,Monsoon,20042.1
Kalimpong,2,4,Standard,Winter,14060.29
Gokarna,8,9,Standard,Summer,85636.74
Havelock Island,2,10,Standard,Winter,127651.56
Majuli,1,9,Standard,Monsoon,10787.52
Darjeeling,4,3,Luxury,Monsoon,31168.26
Wayanad,3,2,Budget,Monsoon,6870.44
Pachmarhi,5,11,Standard,Spring,78169.17
Mussoorie,2,12,Luxury,Autumn,92629.99
Shimla,2,5,Standard,Monsoon,19658.32
Orchha,3,12,Luxury,Summer,86748.68
Mount Abu,8,3,Luxury,Spring,62225.06
Mahabaleshwar,7,8,Budget,Summer,89480.07
North Goa,3,10,Luxury,Monsoon,100745.42
Mysore,7,10,Luxury,Spring,171260.42
Majuli,4,14,Budget,Autumn,44306.01
Pachmarhi,1,12,Budget,Monsoon,14437.14
Visakhapatnam,4,8,Budget,Summer,46302.52
Nainital,3,7,Budget,Autumn,31729.25
Gir National Park,1,8,Standard,Monsoon,30173.57
Hampi,5,1,Luxury,Winter,12126.57
Hampi,2,9,Luxury,Winter,48555.09
Bengaluru,4,2,Luxury,Monsoon,27322.92
Gangtok,6,9,Luxury,Spring,183799.81
Udaipur,2,10,Luxury,Summer,143732.31
Shillong,8,10,Budget,Autumn,106338.66
Agra,1,8,Standard,Winter,28979.44
Shillong,1,1,Standard,Monsoon,2295.19
Varkala,4,10,Standard,Spring,49010.15
Pahalgam,8,2,Standard,Summer,35406.19
Puri,3,10,Budget,Summer,36114.41
Srinagar,3,12,Budget,Monsoon,55765.25
Rann of Kutch,8,13,Luxury,Winter,684288.51
Chennai,4,5,Budget,Monsoon,19563.96
Dalhousie,2,12,Luxury,Spring,76821.24
Manali,8,5,Standard,Summer,82211.57
Khajuraho,5,6,Budget,Winter,52731.51
Pahalgam,4,2,Standard,Spring,15678.01
Gokarna,4,7,Standard,Summer,35590.35
Orchha,2,4,Budget,Monsoon,6930.71
Gir National Park,7,2,Budget,Autumn,33126.4
Varanasi,7,4,Budget,Monsoon,17503.84
Kanyakumari,4,10,Luxury,Autumn,77432.85
Jaisalmer,6,4,Luxury,Summer,91568.19
Kodaikanal,3,8,Budget,Monsoon,28023.48
North Goa,7,4,Budget,Winter,55070.0
Coorg,8,14,Budget,Monsoon,114946.12
Shimla,8,2,Budget,Monsoon,18454.87
Auli,6,6,Standard,Winter,144470.18
Rameswaram,5,3,Luxury,Autumn,24460.17
Gulmarg,5,8,Standard,Summer,198662.07
Hampi,7,10,Budget,Spring,61254.14
Haridwar,8,13,Budget,Spring,58829.45
Mussoorie,7,2,Luxury,Winter,51651.45
Mount Abu,7,7,Budget,Spring,61082.32
Shillong,7,7,Standard,Autumn,88878.91
Pelling,7,7,Standard,Monsoon,62084.06
Orchha,1,3,Standard,Monsoon,4267.43
Mysore,1,10,Luxury,Spring,39367.96
Madurai,6,4,Standard,Autumn,25312.39
Varanasi,2,9,Luxury,Summer,44917.18
Manali,7,9,Standard,Spring,113637.34
Wayanad,8,2,Budget,Monsoon,15271.84
Visakhapatnam,2,14,Budget,Winter,51241.01
Kanyakumari,4,4,Budget,Winter,17502.78
Mahabaleshwar,2,4,Luxury,Winter,34807.39
Thekkady,6,6,Luxury,Spring,116682.66
Munnar,2,11,Budget,Summer,47110.31
Rann of Kutch,8,2,Standard,Monsoon,44109.04
Havelock Island,2,3,Budget,Autumn,23108.2
Orchha,6,5,Luxury,Summer,69421.5
Bhubaneswar,7,13,Standard,Winter,140788.78
Pachmarhi,6,12,Budget,Monsoon,59587.77
Visakhapatnam,3,12,Luxury,Summer,127155.19
Gir National Park,6,11,Luxury,Winter,413105.95
South Goa,5,13,Standard,Spring,198485.91
Agra,7,4,Standard,Spring,54807.49
Pushkar,8,6,Budget,Summer,40175.3
North Goa,2,13,Standard,Winter,87944.09
Gokarna,7,1,Luxury,Spring,11855.78
North Goa,7,9,Luxury,Summer,276626.73
Lonavala,1,4,Standard,Monsoon,8157.9
Madurai,4,1,Budget,Summer,3930.68
Kanyakumari,5,12,Budget,Monsoon,45778.99
Gir National Park,6,10,Luxury,Spring,301437.21
Ooty,2,4,Standard,Winter,22191.55
Kumarakom,4,8,Budget,Spring,79012.45
Ranthambore,6,11,Budget,Winter,197240.82
Kalimpong,5,4,Luxury,Monsoon,31730.02
Kolkata,4,3,Budget,Monsoon,12841.44
Manali,6,12,Standard,Monsoon,107989.47
Udaipur,8,3,Luxury,Spring,117519.74
Dharamshala,7,8,Standard,Winter,79572.77
Visakhapatnam,3,7,Budget,Monsoon,22891.82
Cherrapunji,6,10,Standard,Spring,115262.38
Wayanad,2,11,Standard,Spring,42993.34
Cherrapunji,4,12,Luxury,Autumn,157093.76
Pachmarhi,2,1,Budget,Spring,2406.31
Kolkata,1,5,Standard,Winter,15493.12
Rann of Kutch,4,6,Budget,Autumn,67718.75
Kanyakumari,4,4,Luxury,Spring,31184.8
Pushkar,4,7,Budget,Spring,21586.55
Pushkar,7,3,Standard,Summer,24559.77
Pondicherry,4,12,Luxury,Autumn,146478.56
Darjeeling,8,12,Standard,Monsoon,144741.9
Coorg,2,6,Budget,Monsoon,15879.27
Mahabaleshwar,7,12,Luxury,Winter,297252.5
Ooty,1,10,Standard,Spring,28241.99
Mahabaleshwar,6,4,Budget,Winter,40308.98
Chennai,8,14,Luxury,Summer,318176.32
Pelling,5,10,Luxury,Autumn,139040.62
Gangtok,3,9,Standard,Spring,63590.35
Varanasi,3,2,Budget,Monsoon,4123.3
Madurai,6,8,Luxury,Winter,97971.71
Majuli,1,6,Standard,Winter,10699.63
Rishikesh,5,14,Budget,Summer,66531.14
Munnar,8,11,Standard,Winter,200036.02
Cherrapunji,4,14,Luxury,Summer,211837.58
Kalimpong,7,6,Budget,Autumn,37330.83
Gwalior,4,9,Luxury,Spring,84722.85
Gangtok,5,3,Luxury,Autumn,55088.39
Lucknow,7,7,Standard,Monsoon,63802.77
Cherrapunji,1,9,Luxury,Autumn,43091.64
Khajuraho,8,6,Budget,Summer,73542.24
Pelling,4,12,Luxury,Winter,152323.74
Orchha,4,11,Budget,Autumn,39669.73
Kanyakumari,3,7,Luxury,Spring,45332.25
Chennai,8,9,Budget,Spring,78249.19
Mysore,4,3,Budget,Winter,17407.77
Majuli,4,4,Standard,Summer,20401.5
Konark,4,2,Luxury,Monsoon,14801.38
Varanasi,1,10,Budget,Monsoon,9780.68
Pelling,4,6,Budget,Autumn,30339.13
Agra,8,2,Standard,Winter,35805.02
Pelling,3,4,Budget,Spring,16091.58
Hampi,2,11,Standard,Winter,38514.44
Lucknow,4,6,Luxury,Summer,79277.04
Jodhpur,6,7,Standard,Winter,95381.94
Jodhpur,8,2,Standard,Summer,33815.22
Pondicherry,4,2,Budget,Autumn,11347.73
Majuli,3,11,Luxury,Summer,68346.67
Mumbai,8,3,Luxury,Summer,147305.67
Khajuraho,7,2,Standard,Summer,29677.92
Pahalgam,1,5,Standard,Monsoon,11840.8
Darjeeling,4,14,Standard,Winter,132246.35
Udaipur,4,11,Standard,Spring,142590.37
Mahabaleshwar,1,3,Standard,Monsoon,6603.72
South Goa,6,11,Standard,Winter,233949.25
Kaziranga,5,13,Standard,Summer,245830.12
Mussoorie,4,12,Budget,Spring,74986.73
Gwalior,7,6,Budget,Autumn,45036.65
Mahabalipuram,2,2,Standard,Monsoon,5561.91
Auli,4,11,Luxury,Summer,292094.64
Haridwar,1,13,Luxury,Autumn,25003.46
Kanyakumari,6,6,Luxury,Monsoon,55162.74
Kanyakumari,8,7,Budget,Winter,55126.82
Jodhpur,3,13,Budget,Autumn,61742.35
Wayanad,4,2,Budget,Winter,12181.78
Srinagar,2,5,Luxury,Winter,54468.91
Chennai,4,10,Standard,Monsoon,50881.9
Gangtok,6,4,Budget,Monsoon,31582.75
Orchha,2,11,Standard,Autumn,31084.78
Mussoorie,3,6,Budget,Spring,30884.14
Wayanad,8,13,Standard,Winter,195600.4
Puri,5,14,Luxury,Winter,167936.87
Pushkar,6,9,Standard,Summer,64529.36
Rann of Kutch,1,1,Standard,Spring,5638.46
Pahalgam,8,3,Standard,Monsoon,36100.51
Majuli,6,10,Budget,Autumn,46967.13
Jaisalmer,8,6,Luxury,Summer,173738.41
Darjeeling,4,5,Standard,Winter,47794.07
Dalhousie,8,12,Standard,Spring,150065.0
Udaipur,2,4,Luxury,Spring,49354.77
Leh,1,9,Luxury,Spring,79676.51
Alleppey,1,12,Standard,Monsoon,31056.4
Jaipur,7,14,Budget,Summer,184073.02
Mahabaleshwar,3,1,Budget,Summer,5750.89
Gulmarg,6,9,Luxury,Summer,411080.12
Jaisalmer,7,11,Standard,Summer,174220.64
Hampi,8,2,Luxury,Summer,33933.42
Gangtok,2,11,Luxury,Autumn,92327.28
Alleppey,2,11,Luxury,Monsoon,73826.19
Mumbai,2,9,Luxury,Summer,138317.63
Madurai,5,4,Luxury,Summer,41558.58
Pahalgam,4,5,Standard,Winter,47794.79
Tirupati,8,12,Standard,Summer,212737.86
Mount Abu,8,11,Luxury,Winter,277710.5
Mumbai,5,13,Budget,Monsoon,136003.74
Alleppey,2,13,Standard,Summer,79522.67
Agra,7,8,Budget,Spring,78237.3
Mysore,8,8,Luxury,Monsoon,121306.18
Manali,6,11,Luxury,Monsoon,157764.16
Mahabalipuram,7,7,Standard,Summer,84418.96
Orchha,3,3,Luxury,Winter,22748.69
Jaisalmer,4,9,Standard,Winter,84926.79
Gulmarg,2,5,Luxury,Autumn,74666.37
Pondicherry,4,6,Standard,Winter,55075.45
Majuli,7,5,Luxury,Winter,66540.0
Pondicherry,5,4,Standard,Spring,39180.53
Coorg,6,7,Standard,Monsoon,63237.62
Manali,4,14,Luxury,Monsoon,138199.13
Kaziranga,4,8,Standard,Spring,98166.33
North Goa,3,3,Budget,Monsoon,14033.18
Cherrapunji,3,12,Budget,Autumn,60539.23
Jaipur,3,3,Standard,Winter,25112.57
Hampi,8,9,Standard,Autumn,80339.45
Mumbai,2,2,Standard,Autumn,15983.49
Agra,4,1,Standard,Spring,7974.95
Udaipur,3,7,Standard,Summer,90392.95
Lonavala,5,10,Standard,Summer,108932.56
Nainital,3,4,Budget,Monsoon,16019.81
Jodhpur,4,6,Luxury,Spring,72885.27
Gwalior,6,6,Budget,Autumn,39274.35
Darjeeling,8,1,Standard,Autumn,14991.98
Kumarakom,5,4,Budget,Winter,64561.23
Pachmarhi,3,12,Budget,Summer,47683.03
Darjeeling,3,2,Standard,Monsoon,10627.06
Tirupati,6,7,Luxury,Autumn,136702.74
Visakhapatnam,5,3,Budget,Summer,23650.73
Chennai,8,8,Standard,Spring,97654.11
Varkala,2,9,Budget,Summer,23091.19
Rameswaram,6,1,Budget,Spring,4505.65
Wayanad,3,10,Budget,Spring,41723.27
Munnar,4,6,Budget,Winter,43790.52
Dharamshala,6,1,Budget,Monsoon,4189.94
Manali,5,12,Luxury,Spring,189671.07
Bengaluru,1,12,Standard,Summer,57770.76
Wayanad,4,14,Budget,Summer,85991.76
Visakhapatnam,1,14,Budget,Autumn,25363.46
Kodaikanal,1,2,Budget,Monsoon,3081.96
Mahabalipuram,2,13,Budget,Summer,41499.09
Varkala,4,7,Standard,Monsoon,27764.55
Kochi,8,4,Standard,Winter,63295.87
Madurai,3,9,Budget,Winter,29282.39
Ziro,7,10,Luxury,Monsoon,92781.43
Pune,4,6,Budget,Spring,28862.13
Khajuraho,2,6,Luxury,Spring,42007.89
Mount Abu,8,5,Standard,Summer,76093.96
Varanasi,2,9,Budget,Autumn,17613.55
Coorg,8,6,Standard,Spring,85793.2
Gwalior,3,5,Budget,Autumn,17784.98
Varanasi,7,3,Luxury,Monsoon,27445.05
Gulmarg,7,8,Luxury,Autumn,348297.01
Pondicherry,2,1,Budget,Spring,3435.54
Nainital,2,3,Standard,Summer,16605.4
Coorg,5,3,Luxury,Monsoon,37396.46
Nainital,3,1,Luxury,Autumn,10422.03
Kochi,3,13,Standard,Summer,90234.16
Gulmarg,2,3,Standard,Spring,28693.84
Pelling,2,6,Budget,Monsoon,14518.69
Agra,3,1,Luxury,Autumn,10497.88
Shimla,2,14,Standard,Summer,78885.54
Pushkar,5,1,Luxury,Summer,9481.58
Leh,1,10,Budget,Summer,50836.05
Dharamshala,3,7,Luxury,Monsoon,34383.03
Kalimpong,4,12,Budget,Winter,52138.19
Dalhousie,5,14,Luxury,Winter,241629.18
Bhubaneswar,3,5,Budget,Monsoon,13282.67
Jaisalmer,3,1,Luxury,Autumn,10463.56
Madurai,2,2,Standard,Summer,5977.49
Auli,1,14,Standard,Winter,82527.83
Ooty,4,5,Luxury,Summer,73820.28
Hampi,7,7,Standard,Winter,66917.39
Chennai,2,8,Luxury,Winter,59732.57
Ziro,7,1,Standard,Monsoon,5886.31
Pahalgam,7,7,Budget,Spring,71677.53
Jodhpur,3,8,Luxury,Summer,92144.32
Munnar,4,11,Luxury,Autumn,140528.24
Pelling,1,10,Budget,Summer,23078.21
Darjeeling,3,14,Luxury,Winter,175726.59
Jaipur,2,10,Standard,Winter,61634.72
Lonavala,4,5,Luxury,Winter,68732.55
Tawang,1,13,Standard,Autumn,38447.87
Rameswaram,2,12,Budget,Monsoon,17306.47
Coorg,8,6,Standard,Monsoon,66876.55
Dharamshala,4,6,Luxury,Winter,56987.95
Kaziranga,6,1,Luxury,Summer,33800.1
Darjeeling,5,3,Standard,Autumn,31666.34
Cherrapunji,3,11,Budget,Winter,67181.85
Shimla,8,1,Budget,Monsoon,9003.46
Nainital,4,12,Luxury,Autumn,147887.02
Munnar,5,9,Luxury,Autumn,149259.06
Ziro,2,1,Budget,Summer,2386.93
Konark,7,6,Standard,Spring,58747.37
Shillong,4,5,Luxury,Summer,74072.26
Wayanad,1,11,Budget,Winter,24709.05
Agra,1,10,Luxury,Monsoon,37902.86
Srinagar,2,11,Luxury,Winter,116811.32
Hampi,5,1,Standard,Autumn,6419.27
Araku Valley,2,9,Standard,Autumn,26345.56
Coorg,4,4,Standard,Summer,36847.03
Gulmarg,4,5,Luxury,Autumn,127515.12
Kovalam,1,2,Luxury,Spring,12993.04
Ziro,5,9,Standard,Monsoon,40903.05
Orchha,8,12,Budget,Monsoon,64181.36
Chennai,6,12,Luxury,Autumn,182120.61
Kalimpong,5,8,Standard,Spring,50195.45
Gulmarg,5,9,Budget,Winter,169913.75
Ranthambore,7,7,Standard,Summer,187408.67
Mount Abu,8,6,Luxury,Monsoon,100019.8
Khajuraho,8,8,Budget,Winter,96189.44
Wayanad,8,2,Luxury,Summer,45580.47
Khajuraho,7,13,Budget,Spring,120582.25
Havelock Island,1,10,Budget,Summer,58609.87
Kumarakom,6,13,Standard,Winter,309428.11
Port Blair,8,4,Luxury,Monsoon,88630.95
Ranthambore,7,14,Standard,Autumn,313063.6
Rann of Kutch,3,9,Luxury,Winter,206364.25
Kumarakom,4,14,Budget,Autumn,143628.18
Udaipur,6,4,Standard,Winter,94754.14
South Goa,3,9,Standard,Spring,91442.05
Pelling,6,8,Standard,Spring,79514.32
Mysore,7,3,Standard,Summer,38507.71
Mahabaleshwar,8,13,Budget,Winter,171790.24
Shillong,8,10,Standard,Summer,173327.88
Gangtok,4,12,Budget,Winter,95096.01
Munnar,8,8,Budget,Autumn,93557.9
Thekkady,5,2,Luxury,Autumn,33953.78
Kovalam,2,9,Standard,Spring,57370.8
Hampi,7,7,Standard,Summer,68159.61
Rishikesh,3,2,Budget,Winter,6020.93
Kaziranga,1,1,Budget,Spring,3437.67
Pachmarhi,7,8,Luxury,Summer,138042.95
Tirupati,5,12,Standard,Monsoon,101117.35
North Goa,6,13,Standard,Spring,181892.59
Manali,7,5,Standard,Winter,77812.71
Mahabalipuram,4,5,Luxury,Winter,58971.33
Pelling,5,10,Standard,Monsoon,73522.76
Visakhapatnam,8,4,Luxury,Spring,80269.41
Khajuraho,1,4,Budget,Summer,10127.68
Coorg,4,10,Standard,Winter,90736.1
Jodhpur,7,5,Standard,Autumn,65214.17
Kanyakumari,4,6,Luxury,Monsoon,37776.69
Port Blair,7,5,Budget,Spring,58564.72
Orchha,8,4,Budget,Spring,26626.0
Pachmarhi,1,8,Budget,Winter,14719.39
Shillong,4,9,Budget,Summer,61610.64
Rishikesh,3,13,Luxury,Summer,82321.37
Kolkata,1,1,Budget,Winter,2299.78
Varanasi,6,6,Luxury,Winter,75817.21
Mount Abu,8,2,Budget,Winter,23098.39
Pachmarhi,4,12,Standard,Spring,63741.12
Shillong,8,5,Luxury,Autumn,104841.8
Bengaluru,7,5,Standard,Monsoon,71623.2
Rameswaram,2,2,Standard,Spring,4766.23
Bengaluru,7,11,Standard,Autumn,199687.62
Hampi,4,2,Budget,Monsoon,5946.62
Pushkar,1,1,Standard,Summer,1765.39
Jaipur,6,6,Standard,Winter,92649.21
Kumarakom,1,4,Budget,Monsoon,11943.27
Mount Abu,2,9,Budget,Summer,33271.51
Agra,3,14,Luxury,Winter,178642.46
Araku Valley,5,11,Luxury,Winter,128631.89
North Goa,7,2,Luxury,Summer,60265.23
Kodaikanal,5,12,Standard,Summer,131799.84
Cherrapunji,5,1,Luxury,Spring,17243.96
Shillong,4,9,Standard,Autumn,68587.94
Alleppey,5,14,Budget,Autumn,117434.28
Darjeeling,7,2,Luxury,Summer,51727.22
Visakhapatnam,3,4,Budget,Summer,20290.91
Rishikesh,2,8,Standard,Spring,19327.09
Thekkady,5,7,Luxury,Autumn,116634.75
Gokarna,1,8,Budget,Monsoon,7616.64
Alleppey,3,1,Standard,Summer,8850.29
Jaipur,7,13,Standard,Spring,189105.95
Mumbai,6,2,Standard,Monsoon,32761.61
Port Blair,6,12,Luxury,Spring,263677.87
Rameswaram,4,12,Budget,Autumn,37127.51
Araku Valley,7,7,Budget,Summer,49280.44
Kanyakumari,3,9,Standard,Autumn,34735.26
Auli,4,3,Standard,Spring,40466.54
Leh,7,14,Luxury,Monsoon,457016.53
Kanyakumari,5,5,Budget,Autumn,23217.56
Agra,7,1,Luxury,Summer,25615.72
Coorg,5,2,Budget,Summer,17684.05
Coorg,3,10,Budget,Spring,45476.93
Darjeeling,8,12,Luxury,Monsoon,226664.49
Dharamshala,5,6,Standard,Monsoon,29672.06
Pachmarhi,4,3,Budget,Autumn,12105.74
Mahabalipuram,2,11,Standard,Winter,46752.6
Kodaikanal,8,10,Standard,Winter,157479.54
Haridwar,8,14,Budget,Autumn,61819.48
Kochi,7,5,Budget,Summer,54787.39
Chennai,3,1,Budget,Spring,3906.79
Pushkar,3,7,Budget,Summer,20733.3
Wayanad,7,8,Luxury,Spring,145322.15
Kodaikanal,2,13,Standard,Monsoon,44477.91
Pune,6,2,Standard,Winter,22881.32
Pahalgam,8,13,Luxury,Spring,321837.07
Gangtok,7,1,Standard,Winter,17755.02
Mysore,8,8,Standard,Summer,117824.05
Alleppey,8,7,Standard,Monsoon,85611.12
Ranthambore,2,4,Budget,Autumn,23446.38
Dharamshala,2,9,Budget,Winter,24142.2
Rameswaram,3,6,Luxury,Winter,37717.66
Coorg,8,5,Standard,Summer,83940.28
Mumbai,8,6,Luxury,Winter,284499.42
Cherrapunji,8,12,Luxury,Winter,343808.35
South Goa,7,2,Standard,Autumn,40539.32
Gir National Park,6,3,Budget,Monsoon,35309.34
Hampi,3,5,Budget,Summer,18474.32
Shillong,5,5,Standard,Autumn,47355.07
Varkala,5,7,Standard,Spring,43612.01
Mumbai,4,11,Luxury,Summer,278092.6
Coorg,1,1,Budget,Monsoon,1721.85
Thekkady,7,7,Luxury,Summer,179319.29
Shillong,8,10,Standard,Autumn,137080.23
Havelock Island,1,3,Budget,Spring,14684.45
Tirupati,8,3,Budget,Autumn,34045.94
Jaisalmer,3,13,Budget,Winter,77667.16
Bhubaneswar,8,4,Budget,Summer,35434.06
Gulmarg,7,3,Standard,Autumn,82838.78
Dharamshala,4,4,Budget,Summer,16376.34
Lucknow,1,9,Standard,Spring,22122.35
Gir National Park,3,11,Luxury,Summer,224297.88
Lucknow,8,7,Budget,Summer,81433.87
Coorg,8,9,Standard,Winter,152588.75
Pachmarhi,7,4,Luxury,Summer,68123.59
Gwalior,5,11,Budget,Monsoon,52356.47
Rishikesh,2,11,Standard,Spring,25534.46
Tirupati,7,7,Budget,Autumn,72203.77
Hampi,8,12,Budget,Autumn,82784.79
Kochi,4,9,Luxury,Summer,119182.09
Chennai,7,10,Standard,Monsoon,84218.48
Munnar,3,14,Budget,Autumn,70131.58
Pachmarhi,8,11,Standard,Monsoon,87455.66
Shillong,5,13,Luxury,Monsoon,168892.37
Jaipur,4,12,Budget,Winter,94804.53
Pelling,4,11,Standard,Spring,78655.05
Konark,2,8,Standard,Spring,27916.31
Ranthambore,6,5,Standard,Monsoon,80534.31
Khajuraho,8,7,Luxury,Spring,155608.61
Gokarna,5,3,Budget,Winter,14999.03
Shillong,2,3,Standard,Spring,13287.32
Jodhpur,5,14,Luxury,Monsoon,173120.09
Kolkata,1,14,Luxury,Winter,72255.16
Leh,3,1,Budget,Winter,10924.56
Thekkady,4,5,Luxury,Summer,77144.01
Shimla,4,12,Luxury,Monsoon,123794.89
Cherrapunji,5,13,Budget,Autumn,103769.24
Wayanad,4,8,Budget,Spring,41865.67
Bengaluru,5,5,Budget,Monsoon,44025.78
Chennai,3,13,Luxury,Winter,135677.77
Pushkar,8,12,Budget,Monsoon,52437.5
Orchha,5,1,Luxury,Winter,12102.57
Pushkar,4,2,Luxury,Monsoon,10239.16
Shimla,8,9,Standard,Autumn,136543.13
Lucknow,4,12,Budget,Winter,74923.48
Mount Abu,2,5,Standard,Summer,23988.93
Konark,8,5,Luxury,Summer,102482.27
Thekkady,8,12,Standard,Monsoon,140289.55
Visakhapatnam,5,5,Budget,Summer,38531.97
Kanyakumari,1,13,Standard,Monsoon,18705.59
Tirupati,6,7,Standard,Autumn,83425.76
Jaisalmer,1,1,Luxury,Winter,5683.56
Pune,6,13,Luxury,Autumn,206511.72
Visakhapatnam,7,1,Budget,Spring,8655.85
Varkala,1,8,Budget,Spring,10419.85
Shimla,6,8,Standard,Spring,95560.21
Jodhpur,6,7,Luxury,Summer,151808.61
Pushkar,6,12,Luxury,Summer,138303.57
Agra,5,1,Luxury,Spring,16838.01
Mumbai,5,7,Luxury,Spring,191602.35
Rishikesh,5,14,Budget,Autumn,55893.44
Kochi,6,12,Luxury,Winter,240898.89
Chennai,5,3,Budget,Autumn,19222.48
Thekkady,2,4,Standard,Summer,22611.44
Kochi,8,12,Budget,Spring,116050.84
Agra,3,8,Luxury,Autumn,85951.33
Bengaluru,8,13,Standard,Spring,263866.26
Mahabaleshwar,7,12,Budget,Spring,112950.58
Leh,4,1,Budget,Winter,13336.17
Cherrapunji,1,13,Luxury,Autumn,62043.56
Dharamshala,3,2,Luxury,Spring,12532.73
Madurai,6,11,Luxury,Summer,133707.76
Ziro,6,2,Budget,Winter,11703.45
Haridwar,3,9,Budget,Winter,20677.43
Tirupati,5,6,Luxury,Spring,99262.55
Hampi,8,10,Standard,Autumn,90088.74
Kolkata,3,11,Luxury,Summer,117669.28
Coorg,3,3,Standard,Winter,22001.67
Bhubaneswar,1,6,Luxury,Spring,19113.65
Coorg,6,13,Luxury,Spring,233258.09
Pelling,7,8,Budget,Winter,80107.36
Dharamshala,4,1,Luxury,Monsoon,6324.39
Hampi,4,6,Luxury,Monsoon,38891.66
Shimla,5,10,Luxury,Summer,205606.56
Manali,4,6,Luxury,Winter,87245.48
Pondicherry,1,2,Luxury,Autumn,8924.71
Tawang,5,9,Luxury,Winter,178076.25
Pune,3,6,Budget,Spring,23446.83
Cherrapunji,8,6,Standard,Spring,88902.87
Pelling,8,5,Luxury,Summer,118641.85
Jaisalmer,8,11,Luxury,Winter,326371.08
Bhubaneswar,5,6,Budget,Summer,37823.03
Kanyakumari,3,9,Standard,Monsoon,29413.39
South Goa,8,11,Standard,Monsoon,198681.35
Kolkata,7,13,Budget,Summer,135279.18
Srinagar,8,13,Budget,Spring,171316.23
Pelling,5,13,Standard,Monsoon,92400.23
Pachmarhi,6,10,Budget,Summer,73301.38
Rameswaram,3,9,Luxury,Spring,48847.32
Srinagar,5,11,Luxury,Spring,211550.14
Kolkata,2,10,Budget,Winter,37469.85
North Goa,5,4,Luxury,Autumn,75298.47
Srinagar,5,5,Standard,Monsoon,48992.61
Srinagar,4,4,Standard,Winter,45597.54
Rameswaram,3,11,Luxury,Autumn,58124.7
Madurai,3,4,Luxury,Spring,22177.25
Leh,8,12,Budget,Summer,298026.61
South Goa,5,14,Standard,Spring,216892.9
Kodaikanal,4,8,Luxury,Monsoon,72086.81
Pune,2,5,Budget,Summer,17659.93
Rann of Kutch,4,7,Budget,Autumn,77014.73
Ziro,5,9,Budget,Spring,37431.47
Havelock Island,1,7,Standard,Winter,55394.33
Rameswaram,4,9,Luxury,Monsoon,44787.2
Auli,6,2,Standard,Spring,40047.41
Visakhapatnam,7,5,Standard,Autumn,55623.23
Ranthambore,3,5,Standard,Winter,65156.89
Shillong,4,12,Budget,Monsoon,55708.65
Mussoorie,1,4,Budget,Winter,10697.18
Port Blair,2,9,Luxury,Autumn,77608.8
Hampi,7,7,Budget,Monsoon,32797.33
Varkala,4,1,Luxury,Monsoon,6146.61
Kanyakumari,8,8,Standard,Spring,73332.68
Kumarakom,8,13,Standard,Autumn,319688.21
Gir National Park,5,7,Standard,Spring,116060.44
Mumbai,8,8,Luxury,Monsoon,258942.57
Visakhapatnam,7,9,Budget,Summer,92486.24
Ziro,6,4,Standard,Autumn,25014.62
Kumarakom,7,1,Standard,Winter,27402.76
Madurai,4,4,Luxury,Winter,32685.74
Mumbai,1,13,Standard,Summer,80399.69
Mysore,4,11,Budget,Summer,64837.97
South Goa,3,8,Standard,Summer,97060.26
Mahabalipuram,1,6,Luxury,Monsoon,17013.13
Cherrapunji,8,8,Standard,Winter,145078.33
